"Path","Bytes","SHA256"
".gitattributes","143","ee55ebb258ff4ed1072b2ec0f659eb6c6e39e03722ea4919a486200f8c068295"
".github/ISSUE_TEMPLATE/bug_report.md","304","79014468ef0fb14e8ebe14d1ebd78f7527b56c66ba15ee3006e3a59c5732f611"
".gitignore","429","dadca0e81de4aefdb9144a3bbe4019efdc90240bbf76fa38b9389ee943cc38ff"
"AUTHORS.md","431","aad94319835d48c4570c79f11d189911d33c95382220cee113e389c1fc3340d1"
"CHANGELOG.md","544","99b17857272a930817d51257db57e778ae7209a007cd50c3d1fc20a69d095836"
"CITATION.cff","1503","ce66868fab8c865382f8244a9d5c1aea9d7c46236208b59871dd11bb2953504c"
"documentation/CONFIGURATION.md","1668","914ab7c54b2e1730b281113c8a7ee30bb948a640d1f00bd46fa93daa2beb982c"
"documentation/DATA_FORMAT.md","1103","1edbc5d9bbc29e09753b0e3583d187ce5c4b8af23c292bedb43c2c7526fe8c3a"
"documentation/DATASET_PROVENANCE.md","8902","e437fab88565aa0535830dc8eaf44c9ff3a6ed5c0d3ba4df4eefe7d9b186637e"
"documentation/ENVIRONMENT.md","812","7184a07c7210a2244336d43d7345d7930cf6c8269a67750732f45809d4d45080"
"documentation/OUTPUTS.md","1772","d47ebb49893a93c33462c3e3fd252d8aef6d9d6c3c45a9aec2a520ed5147b2fe"
"documentation/RAVEN_User_Manual_v1.0.0.docx","3705604","4cabf7344935b892a25091f1b542b5eba0719f9316888adba67e67abc99d1afc"
"documentation/REPRODUCIBILITY.md","3451","f1240f3b508e4c38f91eaaa7fc8cf96c01ec1dbff4e515fa70130433085d554b"
"example/synthetic/BugCheck_5Classes_10Spectra/BugCheck_Class_01.xlsx","85112","a06e053804e8bc596912dfaa25407bda95be300414577e384d14c66ab3c8dd3f"
"example/synthetic/BugCheck_5Classes_10Spectra/BugCheck_Class_02.xlsx","85410","e275f0fce47d00a9121b61c2810e94deea914f2787ac5818e4df311f667fdf77"
"example/synthetic/BugCheck_5Classes_10Spectra/BugCheck_Class_03.xlsx","85581","c7e59815f6acaf0d0a3fca739781d50cdf50dddcaecc05b6c4dea103c032a719"
"example/synthetic/BugCheck_5Classes_10Spectra/BugCheck_Class_04.xlsx","85280","f0f295da15cd5b12b937e208dd2b6dd3ba3c58317bafbddac3e27cca0ee6a39b"
"example/synthetic/BugCheck_5Classes_10Spectra/BugCheck_Class_05.xlsx","85422","643df0cd67572bb642931c5680996a62e76dc2116b08339924bee67c11f6f3e1"
"example/synthetic/BugCheck_5Classes_10Spectra/README_RAVEN_SYNTHETIC_EXAMPLE.txt","1378","24b010daad088f97dc98e3ff108b2b94976582ccc7f3435a69b12a4d51f417ad"
"example/synthetic/BugCheck_5Classes_10Spectra/reference_outputs/ABLATION_SUMMARY.txt","818","b889b222fcb5ce46844c33c048b2ee8d58a59ce973b07714256aeacc7661d1d4"
"example/synthetic/BugCheck_5Classes_10Spectra/reference_outputs/README.md","459","318489a37358fc1dc4feb006b35388fd6978a5b31e6d1e2c5710ae404492d906"
"example/synthetic/BugCheck_5Classes_10Spectra/reference_outputs/RUN_MANIFEST.txt","395","02f6fd5bdfbfabc178359296cfa304c0146f84e3c2574757a36956c2a97e4176"
"example/synthetic/BugCheck_5Classes_10Spectra/reference_outputs/STEP4_WINNER.txt","489","388894cdfc30ce3e595e92e285bdfcfa76c3556cf5ddedca5879991791eef0fc"
"example/synthetic/BugCheck_5Classes_10Spectra/reference_outputs/TIMING_REPORT.txt","283","3c290004c840589197a9261ff1c6443a3b674462163520cd33305ff4f197c665"
"LICENSE","1089","5d737d819474f7512e8ec904f03a8340b8e3c952898f4df6775a1c1d87030843"
"RAVEN_v1.0.0/build_RAVEN_V1_01_core_from_modules.m","1865","425f34c1d8b8eb6ae067b66782d842547727ca9fd6d33cb7153e7c2b49701682"
"RAVEN_v1.0.0/IMG_3820.png","1763802","8b10adf532febe91f48575c4bea0a79b5fbc444ac2c101aa2eb142023e66e1c1"
"RAVEN_v1.0.0/raven_build_teacher_cache.m","7324","8c2462005c4d98c2e400a13a18ccedb3c26203f9aaa95b37e0582c288ce00537"
"RAVEN_v1.0.0/RAVEN_core/RAVEN_V1_01_core.m","430998","b68fca3e2f0473eb95473e0c40498831be4bc40b9a9659c674f7d1c34717c035"
"RAVEN_v1.0.0/RAVEN_core/source_modules/00_startup_and_state.m","670","04ba20b88f5c61bda35d4b7eb721b8fe200df1177d247ceadded2f0acbaee3d4"
"RAVEN_v1.0.0/RAVEN_core/source_modules/01_default_config.m","5969","66732e8b36c48d7d1002983cc5939d123184f37340ca78a73ee1a958b29ea50f"
"RAVEN_v1.0.0/RAVEN_core/source_modules/02_main_ui_and_license.m","20681","e84183cdfaa904130671fa320203c6d8e3e0293f2744b6a248706ae85690de3b"
"RAVEN_v1.0.0/RAVEN_core/source_modules/03_configuration_validation_io.m","33895","ba7ce35d87890da4f205b14dd25b6664957fb1a1a4bed69c7a8b3a4a976846ae"
"RAVEN_v1.0.0/RAVEN_core/source_modules/04_advanced_editor_and_preprocessing_preview.m","74570","1de224788c28c22636639a6c31578ea7f4ed881a5933fc3e5127321c0002e4fb"
"RAVEN_v1.0.0/RAVEN_core/source_modules/05_project_run_and_cache_callbacks.m","18599","e861c0105f0dfa25dc1229ca445983e19ebd2f48628615174e8b4ddfc419dbd9"
"RAVEN_v1.0.0/RAVEN_core/source_modules/06_pipeline_steps_and_selection.m","56965","3769b050ea9cb277665582bbf9afa5fd654efd56aa08ea83d94dd15123afdc5f"
"RAVEN_v1.0.0/RAVEN_core/source_modules/07_data_loading_and_preprocessing.m","22225","3c5e3b0c46e8c2a7c4b1f520b526c26ec3e7dd7780f01aebf55a95c7bfcae9e2"
"RAVEN_v1.0.0/RAVEN_core/source_modules/08_grouped_cv_output_and_manifests.m","41245","d2c32f067cf75c1d302e6a32bc0259f9341aef544289503148fac7547e5122c2"
"RAVEN_v1.0.0/RAVEN_core/source_modules/09_cv_adapter_and_evaluation_engine.m","29212","5f8529d0f572d9fb50ea3a14f0b69a0f2159646c0169165c6b27bb6f34212fd4"
"RAVEN_v1.0.0/RAVEN_core/source_modules/10_plots_exports_and_ablation.m","38779","065ba308147256d159231bb93f4410445015343295e6c3cee0d33c33cfd165a4"
"RAVEN_v1.0.0/RAVEN_core/source_modules/11_ui_status_progress_and_logging.m","18617","0e8b32fdeb3275ea0218e34c75a7c5a8e0f576c101570feeee261d37f7563625"
"RAVEN_v1.0.0/RAVEN_core/source_modules/12_blind_test_module.m","30585","0f4af959f99c16e740122ea1976d6e633c535017988b26ae7c19ef180d9494a9"
"RAVEN_v1.0.0/RAVEN_core/source_modules/13_teacher_student_and_benchmark_module.m","37606","34e6e9a3d673820ad8d45d28cda207166bfda316fc43405555d91a1b6086c633"
"RAVEN_v1.0.0/RAVEN_core/source_modules/14_close_and_final_end.m","1365","a8f6039c7dfa7f36faeaa10d9c5d883dadc9107b0daf718d8ba32d441a6a8fe5"
"RAVEN_v1.0.0/raven_eval_benchmark_worker.m","8745","3fa7bef940f7d0fec69430ccdf2332fc30726f976cd93480f777ef2e80a2c9d5"
"RAVEN_v1.0.0/raven_eval_student_worker.m","9913","ac622ec5e6303449796d7306ce1dae3ebcd73ad7dd637609bf5924f7299b00a2"
"RAVEN_v1.0.0/raven_eval_teacher_worker.m","12293","f92baf976ea9b130cadb90293f3b668ee3bf96079c15d6fe0041da62858f7b71"
"RAVEN_v1.0.0/RAVEN_V1_01.m","1096","6f0d647c540ca675f61167260a0c0c36e1d077ef38837cc6ec40d8a27c443195"
"RAVEN_v1.0.0/README_RAVEN_V1_01.txt","411","2b12629bc273d54d52b541269f4b6543e75a6fe185118a3488d5578e0c52d7ec"
"RAVEN_v1.0.0/README.md","1216","852fbf67eda4cb686fd2195a2915cc5bfa42d949d538ad16a43914238a6475eb"
"RAVEN_v1.0.0/VERSION.txt","276","b82f8ce2ca76eb62640cb917a08114ea66f2535fa3589ce8f2675a1fb101fd04"
"README.md","2934","351026a074bc5d327559e751087dec8ec3fd45c0206bb6bc004bb4a9282a3f70"
"results/Dataset_A/ABLATION_EXPORT/ABLATION_MANIFEST.txt","417","dccd8c856367d1c5d7931baf5832f229d30e91accd91b61b7cfddd4951367792"
"results/Dataset_A/ABLATION_EXPORT/ABLATION_SELECTION_BestAccuracy_01.xlsx","5054","fec9fa294f0191de4589a6826bbe1dae1b2cd7d91dfe3cd515171beb467067b8"
"results/Dataset_A/ABLATION_EXPORT/ABLATION_SELECTION_BestAccuracy_02.xlsx","5050","c99d48f06a01b2114b161b948e46b37c926b58a8773f8fb7edfb453b4667bcd7"
"results/Dataset_A/ABLATION_EXPORT/ABLATION_SELECTION_BestAccuracy_03.xlsx","5050","6aa82044c313ae7ff6ab7eca1053fa2cbd385bf05b8b56a1bac79dfc0e8b53d3"
"results/Dataset_A/ABLATION_EXPORT/ABLATION_SELECTION_BestMemory_01.xlsx","5057","c5338f39d08045244d3288624a147190a66d8caf9da415dbd798bc0e316060c3"
"results/Dataset_A/ABLATION_EXPORT/ABLATION_SELECTION_BestMemory_02.xlsx","5054","3c24ed7624811b9ea455819059ff19e25ef39ce6349cdc674ca26165407c596a"
"results/Dataset_A/ABLATION_EXPORT/ABLATION_SELECTION_BestMemory_03.xlsx","5058","1fd040d51410c5564a24ec0e1c18e9b9e6fc107a0c799bc81833f59736af7616"
"results/Dataset_A/ABLATION_EXPORT/ABLATION_SELECTION_BestScore_01.xlsx","5055","c7e7d28b509c62ac3a2a8b04c01a55ec70a2d5f95971fc5fdb9a407aa8e3376d"
"results/Dataset_A/ABLATION_EXPORT/ABLATION_SELECTION_BestScore_02.xlsx","5060","1cc7926cac84c06f4e6cf530037d7b9a84574c162c304723c9407886aa3b3790"
"results/Dataset_A/ABLATION_EXPORT/ABLATION_SELECTION_BestScore_03.xlsx","5058","626b288f008df4cf6576a677a4f6218f4e0b3a32b307f0886f39ead1b00ceefe"
"results/Dataset_A/ABLATION_EXPORT/ABLATION_SELECTION_BestSpeed_01.xlsx","5057","b5cf130c1b0683de07facd3bf5e40bc3c7fbb63173987bbd2b07b1c0d04f6ca7"
"results/Dataset_A/ABLATION_EXPORT/ABLATION_SELECTION_BestSpeed_02.xlsx","5048","b664796f0bc6167c0f61c4eee2f96ad1da9bf9657f2e6fd10b14774db9d6a12b"
"results/Dataset_A/ABLATION_EXPORT/ABLATION_SELECTION_BestSpeed_03.xlsx","5055","b5c4836f0529865dc7ea4e83bcba4b088133fe96b9b8725e01fbe9a2af3fb8ad"
"results/Dataset_A/ABLATION_EXPORT/ABLATION_SUMMARY.txt","5164","704427ed4d8c810140efad4fdf66cc908428ce316ebe95b15029860e63fe86d8"
"results/Dataset_A/ABLATION_EXPORT/ABLATION_SUMMARY.xlsx","10291","f45774bd6c75585a3f45bbb8248a2ace8e25476b09243f2272d2779905699f28"
"results/Dataset_A/FIGURES/FINAL_CM_counts.png","256363","2adb50fa67f3f39054754a0163111def8be92f11b44a278c179e700187cec940"
"results/Dataset_A/FIGURES/FINAL_CM_rowpct.png","259185","8545e8dbdc0e4b301fc3236b9ee44432430dd9a5d9f3e3108720b0dd9d8f623b"
"results/Dataset_A/FIGURES/FINAL_ROC_MACRO.png","62219","25aa1909a7a9d0771709d1731d8cacbd32938f748310212daab94d816c1d9ceb"
"results/Dataset_A/FIGURES/FINAL_ROC_MICRO.png","61742","ce46207d93ce13a45da61fb9212f9a544a56d51f9a6275d0b374a4a32977ca73"
"results/Dataset_A/FIGURES/FINAL_ROC.png","191710","5885fb030b823a179325a1d494fa81f490a4e797a6c5b079436c137589840b11"
"results/Dataset_A/FIGURES/STEP1_kPC.png","100076","d273f50843b55f9145c7b668fcc96f91b4b1de215fb7be3d54a191fba6ba53eb"
"results/Dataset_A/FIGURES/STEP2_teacher_search.png","97522","6f321af22b614e44c080d6ed9934a033b2effcb4672a5ea0a586acfbc15eb1c0"
"results/Dataset_A/FIGURES/STEP3_bestTeacher_accuracy_vs_memory.png","138356","7c2d41765c22d76db9b9b731db87dfd1ac0d5469ded4a007792ac285182534cb"
"results/Dataset_A/FIGURES/STEP3_bestTeacher_accuracy_vs_time.png","152240","ca1f06d616f2a0a22718e9d7c8121fec37a983a645b5a90f5b12634ad0895308"
"results/Dataset_A/FIGURES/STEP3_dim_vs_F1.png","116373","8bbb8c85e7d7d9d427d5bd651e734d717ab3c96258e18cd93f7392858f0124f6"
"results/Dataset_A/README.md","429","145119dbe4450de86c8f0b2947a78d430f89917f3353024f814f8e88612445c1"
"results/Dataset_A/STEP0_PREPROC/DATA_DISPOSITION.xlsx","2932","a6ec76d83240d5a7b129409f601700eed0769aad16e9d1d9ea0fa8aac0702c7e"
"results/Dataset_A/STEP0_PREPROC/GROUP_SUMMARY.txt","216","cbded35f01a4cda8141bc9a0c867dbd1a27f4cdfc0321c7d918114594ad1d884"
"results/Dataset_A/STEP0_PREPROC/SPLIT_SUMMARY.txt","452","67de5ccaa184347f944a5d5f4e71142be8adc801f0080b15d606e708eeb9c6dd"
"results/Dataset_A/STEP0_PREPROC/SPLIT_SUMMARY.xlsx","3322","0918bac923566f40f367a427b33277ef55d213bafe4941ad9e7424d29a74870e"
"results/Dataset_A/STEP1_EMBEDDING/STEP1_RESULTS.xlsx","3328","a80e3f57b55077399a49317eb95b458c682ee28cdce35b416fc0102ccfe47c82"
"results/Dataset_A/STEP2_LOCALIZATION/STEP2_RESULTS.xlsx","6129","72559eda7ae78018ebc40aae1ffe5e347f48847abb2e51a6ed08455b3edf460c"
"results/Dataset_A/STEP3_LOCALAPPROX/STEP3_BEST_TEACHER_COMPARISON.xlsx","505507","a974684a67a38bc216e760ddef8efc7822e5ec3bf44378fff89ffccd1362fb53"
"results/Dataset_A/STEP3_LOCALAPPROX/STEP3_RESULTS.xlsx","937630","42aef0fe717bbd2ee07ef34b7ef923e640fe66b3eafc4fe0d8d97097a3d09b9d"
"results/Dataset_A/STEP4_FINAL/BestAccuracy_01/Accuracy_over_repeats.png","92306","c33c4b3dfa458851ebf1140c06eed07a993c2241dfe7f7f8892303d78fcac770"
"results/Dataset_A/STEP4_FINAL/BestAccuracy_01/BestAccuracy_01_Report.xlsx","62719","7a64e42d3b3634950993ca66405534b43ac60f3042f16fcb969a45e57bf54665"
"results/Dataset_A/STEP4_FINAL/BestAccuracy_01/Confusion_AVG_counts.png","260410","1bf4bb78b5028c0c6c87b74f84d432dce7148d006b8b640aeed6d90a7a79bb76"
"results/Dataset_A/STEP4_FINAL/BestAccuracy_01/Confusion_AVG_rowpct.png","261412","fcfe4689206b0b5eeef2623f6f9b5b994e11623eab0524f38f762ecc904fced7"
"results/Dataset_A/STEP4_FINAL/BestAccuracy_01/Confusion_BEST_counts.png","258835","dae98e8671e2c4fa84c161e0a786ebad69ef0d824dcef329e7d5ab5065c4fa7d"
"results/Dataset_A/STEP4_FINAL/BestAccuracy_01/Confusion_BEST_rowpct.png","260861","c768219bf9d5962b368c08d4cc8084e9634a817c36e3697c47d0f978bdf508a5"
"results/Dataset_A/STEP4_FINAL/BestAccuracy_01/Memory_MiBPerSpec.png","50369","56619c10ac12167fab2336f9bfd8f84831f554f72e750366053bf274726e5022"
"results/Dataset_A/STEP4_FINAL/BestAccuracy_01/ROC_AVG.png","195957","393309062ea3d88018fc1b3e4b81333e12352e5846ef0bd7a9eb0646c71f8133"
"results/Dataset_A/STEP4_FINAL/BestAccuracy_01/ROC_BEST.png","194139","ee06d3d7e801a9a2cc02d7caeb3ade626bd71086751d756341f7ea72ad0130e3"
"results/Dataset_A/STEP4_FINAL/BestAccuracy_01/Time_msPerSpec.png","88730","c70410bed59f1595d567e1527d9412648c24d2d8286e7e863d266e1215bfb195"
"results/Dataset_A/STEP4_FINAL/BestAccuracy_02/Accuracy_over_repeats.png","92694","312f6856d39af4a30fce2cd3fd69142eba55434305c53360f56232e2559d6701"
"results/Dataset_A/STEP4_FINAL/BestAccuracy_02/BestAccuracy_02_Report.xlsx","62690","ab275614e6cf7e6b300e6360db7ce91fc5cb1f2cbd08012fee87dbaf86bd1255"
"results/Dataset_A/STEP4_FINAL/BestAccuracy_02/Confusion_AVG_counts.png","260725","270ddfe6fbe636a9e3343578bd31789739a56ce3d74b603a7badaff39e717f32"
"results/Dataset_A/STEP4_FINAL/BestAccuracy_02/Confusion_AVG_rowpct.png","261630","e1c374ce0e4b41bbc450c66868e316ec883d42105fac5a3f0987cebf2b8823a8"
"results/Dataset_A/STEP4_FINAL/BestAccuracy_02/Confusion_BEST_counts.png","259179","6153c5654b0dc613a6eadfc1abba85c4c44f810cf77f26619b68a751bdbca8d8"
"results/Dataset_A/STEP4_FINAL/BestAccuracy_02/Confusion_BEST_rowpct.png","261089","439763e4b37c3d994dc253d820d6d5dfdf9aedec2c046174ac3dbf9fbb185086"
"results/Dataset_A/STEP4_FINAL/BestAccuracy_02/Memory_MiBPerSpec.png","50753","e1ad57a220f7a20f6d52d74b9e91de76ada74e8999c07de1877442710868d8d6"
"results/Dataset_A/STEP4_FINAL/BestAccuracy_02/ROC_AVG.png","196216","b442d02cec7e47635eec671be945f83bc8150d4e94396c35683275802da86696"
"results/Dataset_A/STEP4_FINAL/BestAccuracy_02/ROC_BEST.png","194425","168c61476091ef5035bcbc3c2dab818bddcb14098f773610f838eed38abdd3ec"
"results/Dataset_A/STEP4_FINAL/BestAccuracy_02/Time_msPerSpec.png","82899","b2ab2c969ad125421c9aef86fafcc4d42569d853b95d8f8dd850c9b5a11c14c4"
"results/Dataset_A/STEP4_FINAL/BestAccuracy_03/Accuracy_over_repeats.png","92872","f875c100962d4be43c0d0b703b0c0086a170efc821ed124c18246f84315f19b3"
"results/Dataset_A/STEP4_FINAL/BestAccuracy_03/BestAccuracy_03_Report.xlsx","62729","461f3a9ca673a9cd04de9ff2385b5fd184fc8e98db2304f66d122a82defb71fe"
"results/Dataset_A/STEP4_FINAL/BestAccuracy_03/Confusion_AVG_counts.png","260841","b9db669ecb12ea187925f2f364a5a6aa5a0d30795453d630072d0aca2e6f7bdd"
"results/Dataset_A/STEP4_FINAL/BestAccuracy_03/Confusion_AVG_rowpct.png","261740","abba204a4db012c60cdc05421833db752680d1904e9ad203a93e7641476ee5b2"
"results/Dataset_A/STEP4_FINAL/BestAccuracy_03/Confusion_BEST_counts.png","259321","c4c8a16641a49dda2b68576a6bda6d9487ede86c7804910f55d32fbf147de159"
"results/Dataset_A/STEP4_FINAL/BestAccuracy_03/Confusion_BEST_rowpct.png","261144","bbc195edec890bba24d70fef45d5bb5cc52182f89972d9051cb1ce69afbaed52"
"results/Dataset_A/STEP4_FINAL/BestAccuracy_03/Memory_MiBPerSpec.png","50781","aff0317caee5f4a8ef327ea389b2c13ad593fb8172e648ceb21ee6713cf5aa58"
"results/Dataset_A/STEP4_FINAL/BestAccuracy_03/ROC_AVG.png","196347","d51ffd31a93dc4c19f98845a807652942453115c6ff4153510b98d75f6eeb01e"
"results/Dataset_A/STEP4_FINAL/BestAccuracy_03/ROC_BEST.png","194649","20dd706af1b780bdb3fb37a443603eb90439b32ab6e5500d42a1a59a2e01e38c"
"results/Dataset_A/STEP4_FINAL/BestAccuracy_03/Time_msPerSpec.png","91560","27b933f74f4469ec6b09d9cbad071dadf884e21e3bad75b0d7787d26db97aeb7"
"results/Dataset_A/STEP4_FINAL/BestMemory_01/Accuracy_over_repeats.png","93318","7ce1385ae0e0c158d57166720ae8baa85602034f4d60b8b228edc5974a26cf92"
"results/Dataset_A/STEP4_FINAL/BestMemory_01/BestMemory_01_Report.xlsx","65781","732e7561fd53cc717d1ddea51732e7c753eab575bdd7e7f00485748a05317697"
"results/Dataset_A/STEP4_FINAL/BestMemory_01/Confusion_AVG_counts.png","260596","af9e508da3259c40a9e156a8de8bb5d77c67d5738bdb3e910809ba426b579e50"
"results/Dataset_A/STEP4_FINAL/BestMemory_01/Confusion_AVG_rowpct.png","261220","f16ecfdd6bf07de1e37b5328fbade4bd3fa5d24b2e209e1f5518b41a7cc8c23f"
"results/Dataset_A/STEP4_FINAL/BestMemory_01/Confusion_BEST_counts.png","259161","168e2e09001ce5dd35c82948601ff59eda74c049623284918ad62946f46d2a36"
"results/Dataset_A/STEP4_FINAL/BestMemory_01/Confusion_BEST_rowpct.png","260766","b6c46524842d8ad459736c33c58c79cb7d88cb75c437e4222697194da33cd285"
"results/Dataset_A/STEP4_FINAL/BestMemory_01/Memory_MiBPerSpec.png","48380","a8aa1d328bc59a0f94634405fd387999e6457403f60e91093a60850fac966730"
"results/Dataset_A/STEP4_FINAL/BestMemory_01/ROC_AVG.png","203821","30b3789a874e028bc89463b8ce529207c4efb4a7b45f5179252315658b2b4120"
"results/Dataset_A/STEP4_FINAL/BestMemory_01/ROC_BEST.png","200327","78a85b1474c0683352a2320c8497b98a1ad16240e8ce375b9c0b6d1a40fcdc8b"
"results/Dataset_A/STEP4_FINAL/BestMemory_01/Time_msPerSpec.png","89692","64553e09058f69e2ef57988eb34811f51fda3dd0b7c002cbf0a239248498fa00"
"results/Dataset_A/STEP4_FINAL/BestMemory_02/Accuracy_over_repeats.png","93719","9ead060bef4673dc393fd9500546345c7199ba3bd77f41d808514d5ffbbdea7d"
"results/Dataset_A/STEP4_FINAL/BestMemory_02/BestMemory_02_Report.xlsx","65768","9c56cd81091a8a70db6fec3e0573149c4a83683ac1ee669e78dad702a72e13f7"
"results/Dataset_A/STEP4_FINAL/BestMemory_02/Confusion_AVG_counts.png","260894","a420f660a80c2a7a7caa8a75b4eef00f5c38b840973737c6eea84a62019a5238"
"results/Dataset_A/STEP4_FINAL/BestMemory_02/Confusion_AVG_rowpct.png","261456","28cb9be7314fc556790e5666dd89b169e0ad146797e97f2a5bfc71cd4bbe0df4"
"results/Dataset_A/STEP4_FINAL/BestMemory_02/Confusion_BEST_counts.png","259503","c87690865f209429b7309e23a93948fd7292e743c92a9cdf580263094dc8151c"
"results/Dataset_A/STEP4_FINAL/BestMemory_02/Confusion_BEST_rowpct.png","261068","16f1f98b1e4f46cdf05a50e048c1975df65ec6042f608e1f96201f6166f13256"
"results/Dataset_A/STEP4_FINAL/BestMemory_02/Memory_MiBPerSpec.png","48751","7759693dd925afe78d1afe092413dda51993402f1789569b1e890e9cfc2bee7e"
"results/Dataset_A/STEP4_FINAL/BestMemory_02/ROC_AVG.png","204145","26c2436fb02925f874bcd06a8bed0f687b8354302bde8cf891936555e475c99f"
"results/Dataset_A/STEP4_FINAL/BestMemory_02/ROC_BEST.png","200656","aecb2d2615d8767ba86817abbb62f8ae5bff3b91d9b4c364c6ca18ae865a6494"
"results/Dataset_A/STEP4_FINAL/BestMemory_02/Time_msPerSpec.png","87569","bff0b39c6a8306db2061099bf119f7b1c61ed0b5136971828e4e8f82796d5fca"
"results/Dataset_A/STEP4_FINAL/BestMemory_03/Accuracy_over_repeats.png","93863","5ca14fa36348c57e61339d5c5578206c4300ed5c605f9f9fef869a5eb9359f2a"
"results/Dataset_A/STEP4_FINAL/BestMemory_03/BestMemory_03_Report.xlsx","65772","0665396e2c86fc6fd6ba037e40caf3fed19b90563ae7ee08b4a007d00e1bc3bb"
"results/Dataset_A/STEP4_FINAL/BestMemory_03/Confusion_AVG_counts.png","261000","ad84e0af04760db65947b3a279be336eb3e44139e05fffde2cb8b093272899cd"
"results/Dataset_A/STEP4_FINAL/BestMemory_03/Confusion_AVG_rowpct.png","261561","ed5ce6a87871018f9fdee78421ef44e48f675fb93e3df2f103bc3756fb271f5a"
"results/Dataset_A/STEP4_FINAL/BestMemory_03/Confusion_BEST_counts.png","259674","ed9f6720721e712ebe137c53a66119aaa7fa23324151635f925e7e539976e43f"
"results/Dataset_A/STEP4_FINAL/BestMemory_03/Confusion_BEST_rowpct.png","261146","5a749a8089c72d2fcc3fe5f9524a73f77e23415b1499854beb201c70e2105242"
"results/Dataset_A/STEP4_FINAL/BestMemory_03/Memory_MiBPerSpec.png","48878","4e8825995793de00d9c529de9872e019b42f5596ad0dd700ce41175eaaed2b6e"
"results/Dataset_A/STEP4_FINAL/BestMemory_03/ROC_AVG.png","204230","e87a193eeaa7701ec642ffb3d1e3ad1efd488789e2830d4b4960844e160a3b5d"
"results/Dataset_A/STEP4_FINAL/BestMemory_03/ROC_BEST.png","200726","a7c0a075c48546cb6d8e57ef1562b9f393ba4e8462ff2e7621d49ac887029c97"
"results/Dataset_A/STEP4_FINAL/BestMemory_03/Time_msPerSpec.png","90383","32da7a382710a37c624581ce012dd4be79b6c4b73159d9afbd295fcdae5c29b7"
"results/Dataset_A/STEP4_FINAL/BestScore_01/Accuracy_over_repeats.png","83052","708735daa9454d504e7ebcb5ee3fe8928c84822a9c3277431cdee015ca7658ea"
"results/Dataset_A/STEP4_FINAL/BestScore_01/BestScore_01_Report.xlsx","64951","d105e4fd8abfe0683e8ef4be98f179a8e01497eec6a7f4b41d2141725b3b4620"
"results/Dataset_A/STEP4_FINAL/BestScore_01/Confusion_AVG_counts.png","259459","206f7988af8b38802e4b2ae1e3ac519ccc9cf8e962b8312f4e7e5c9f24564ed3"
"results/Dataset_A/STEP4_FINAL/BestScore_01/Confusion_AVG_rowpct.png","260571","88f590db026cc2729766b1d7714e66eb1a3b758b74f3fe68e12031b0a41d9e9c"
"results/Dataset_A/STEP4_FINAL/BestScore_01/Confusion_BEST_counts.png","258852","2fdedaef2752c1f516aa318013f1403b247f599261ea92ee3d715dc1df8f65b8"
"results/Dataset_A/STEP4_FINAL/BestScore_01/Confusion_BEST_rowpct.png","260585","9c5d1a1b28ab5cbbef472aaba6f78ac41ee8f846c8c9b00ea5b33997eb23701c"
"results/Dataset_A/STEP4_FINAL/BestScore_01/Memory_MiBPerSpec.png","47963","8c245b8f2d0e12b66390153608120b148f80c62b3ab6b4d0b6539b223f5a6e9b"
"results/Dataset_A/STEP4_FINAL/BestScore_01/ROC_AVG.png","197343","8a60cd3ab62410b952ba72ca7aac277dfe652c79d321ff3d06094f3ecbc81d4e"
"results/Dataset_A/STEP4_FINAL/BestScore_01/ROC_BEST.png","196153","c41b29253fd2964a8cab06297d9f37cc7b1987b9584ab4fa282ce9e3969d2bfc"
"results/Dataset_A/STEP4_FINAL/BestScore_01/Time_msPerSpec.png","84378","4e6a3fa8504329b51bf80b37561ddc9ef941e42f91189f6e472d80728411f3ca"
"results/Dataset_A/STEP4_FINAL/BestScore_02/Accuracy_over_repeats.png","83329","1c20ae9195e6995a55b4babc95add98d13ba8320d7a74df1a734180a8ba9656d"
"results/Dataset_A/STEP4_FINAL/BestScore_02/BestScore_02_Report.xlsx","64594","c66ef40151386f15f3d0541852b21374c80343c417975d5e9ed3521e36b6cb80"
"results/Dataset_A/STEP4_FINAL/BestScore_02/Confusion_AVG_counts.png","259743","2cd089fd3de01725ba4296166806ae1f8913846fbbfc816398e5dc3b22b38a7e"
"results/Dataset_A/STEP4_FINAL/BestScore_02/Confusion_AVG_rowpct.png","260891","29d927ac18fb9fc49d318894fff9e8f6559fd0280f3f17be036f297604dfdf56"
"results/Dataset_A/STEP4_FINAL/BestScore_02/Confusion_BEST_counts.png","259312","aab7f07b0d78c4bdfb6fd7ec2aebcd7d30549c140454ce5a5a1710819cb10aef"
"results/Dataset_A/STEP4_FINAL/BestScore_02/Confusion_BEST_rowpct.png","260942","4e14378b12ce1735aeff2427385041a279e2c362df92c554fa4aae1e2f07791b"
"results/Dataset_A/STEP4_FINAL/BestScore_02/Memory_MiBPerSpec.png","48368","20cad4c49e16e3979adcad77c8e70ce2dee63f4c6806d92dd9b9acba72fd2af2"
"results/Dataset_A/STEP4_FINAL/BestScore_02/ROC_AVG.png","197700","68a78c55b26aebdcd247bc18319039ef0fa06eac1cd5d5b76106c2da24245e17"
"results/Dataset_A/STEP4_FINAL/BestScore_02/ROC_BEST.png","195975","f7ebf47a7e4cf1e1a918d326daa076c10af5f10be916fc5e29c3a91dfae58c55"
"results/Dataset_A/STEP4_FINAL/BestScore_02/Time_msPerSpec.png","85888","ca398770ef3da1d573ad8f1a027cb358f41f0d60ffc1fb9de8743445ac4a46c7"
"results/Dataset_A/STEP4_FINAL/BestScore_03/Accuracy_over_repeats.png","83426","f74c224dcf2e7718c0134520174292245f0ca837b56b6207227954a61fa2ab44"
"results/Dataset_A/STEP4_FINAL/BestScore_03/BestScore_03_Report.xlsx","64622","c4e2db2c75d4e739b45f9ccc30c721f7c0bd564a2d3c2625ce3ff43505f6f53f"
"results/Dataset_A/STEP4_FINAL/BestScore_03/Confusion_AVG_counts.png","259852","4d73fd3cb84d93c1e0e7c5373930bbf4f5511f03749585041dc65b91445f22fa"
"results/Dataset_A/STEP4_FINAL/BestScore_03/Confusion_AVG_rowpct.png","260945","a54ff679af9ce616e89703ecf972c278f8c4d6e72102928e5e1d78c5c138d1cc"
"results/Dataset_A/STEP4_FINAL/BestScore_03/Confusion_BEST_counts.png","259377","a894972e6c809dd8a61a08ffe7a22f998d8a55c46de1228bebf4a08d7ea90d4d"
"results/Dataset_A/STEP4_FINAL/BestScore_03/Confusion_BEST_rowpct.png","261039","9107ff842e6acac8a8e60372c6ab2b3c3dbe6b34492cafb621f778cd8c473bbc"
"results/Dataset_A/STEP4_FINAL/BestScore_03/Memory_MiBPerSpec.png","48537","f1a90bb0332b538e8df76e195706c825f34216d34c51b28f06efc8cab430c529"
"results/Dataset_A/STEP4_FINAL/BestScore_03/ROC_AVG.png","197338","8ce707bc3b3fe0a05e0a332eaa04205fcb58e4d22d24d92ef48c6ad47153370f"
"results/Dataset_A/STEP4_FINAL/BestScore_03/ROC_BEST.png","195646","a7265d20c81fbec61c57c04196d9ca168e830d1691ad9d77f79be4de3aac73bd"
"results/Dataset_A/STEP4_FINAL/BestScore_03/Time_msPerSpec.png","81805","1767c97e6608f1f5e0494ac533de84ca720e5d84a3b420ea857ca83dd22371ce"
"results/Dataset_A/STEP4_FINAL/BestSpeed_01/Accuracy_over_repeats.png","93657","cd22799d06b836a2ab0e19c810f81fa0ff00cd5376f8033870f4f1474197b5ea"
"results/Dataset_A/STEP4_FINAL/BestSpeed_01/BestSpeed_01_Report.xlsx","65775","1da9f3dbd6c5ecf2e8c9b10be700cf7690c94f0158e319fbd12252ffaa4823a8"
"results/Dataset_A/STEP4_FINAL/BestSpeed_01/Confusion_AVG_counts.png","260476","aad6b7c52278341b09fce1471dbfd6140977d944b4fe91d32fe17f7734525f8f"
"results/Dataset_A/STEP4_FINAL/BestSpeed_01/Confusion_AVG_rowpct.png","261006","911913e2c8cd6cc9611b3c904fd1b5d786bcc845670c43cba8af937840f5867e"
"results/Dataset_A/STEP4_FINAL/BestSpeed_01/Confusion_BEST_counts.png","259479","8e684b8a8580ad98ba648d4978571d88c7794bd2cafc5989cd3b4aa7476b2ca8"
"results/Dataset_A/STEP4_FINAL/BestSpeed_01/Confusion_BEST_rowpct.png","260913","57db12a9c7362725ca2f16efa068bb2aeeee6022a11bde7e775781e4093d9700"
"results/Dataset_A/STEP4_FINAL/BestSpeed_01/Memory_MiBPerSpec.png","48192","ae2774d29de6df2ac0c3e3344ac7f0c2481dbdbc1dc51b3fb4627aabb050ec18"
"results/Dataset_A/STEP4_FINAL/BestSpeed_01/ROC_AVG.png","205317","9f646919a0c27fdba4612c4a0995a58cd4b5322a45a84b30cd560ea5ed92c5ac"
"results/Dataset_A/STEP4_FINAL/BestSpeed_01/ROC_BEST.png","201289","ae96994edf4cdec8cc7fa637c2ea3d737c251cd8924b7f1a20a0f45e354b6697"
"results/Dataset_A/STEP4_FINAL/BestSpeed_01/Time_msPerSpec.png","90452","d49cdd75f11fc51337cca24cf327f80fe3530fa64e9b5f680a6aea4875272d99"
"results/Dataset_A/STEP4_FINAL/BestSpeed_02/Accuracy_over_repeats.png","93219","54a6432291b49e51c29680c937b5e39501eae79a15ddaad9d26b7a1132cf56df"
"results/Dataset_A/STEP4_FINAL/BestSpeed_02/BestSpeed_02_Report.xlsx","65779","b924c323a52745c779872a4337bf3e6bc49fc47723a7a8f8d6465166006a82e4"
"results/Dataset_A/STEP4_FINAL/BestSpeed_02/Confusion_AVG_counts.png","260794","254cefabeb07cc166cccbd294573adaecc5537bf515cd565947a7f769c30f4ba"
"results/Dataset_A/STEP4_FINAL/BestSpeed_02/Confusion_AVG_rowpct.png","261274","4eb5e6a04c795b97d0cbee8e2a90c3fd3a468348b7de05a2269c4914473b8a19"
"results/Dataset_A/STEP4_FINAL/BestSpeed_02/Confusion_BEST_counts.png","259842","a352acd39cc481f527f40f9aa7d36f31f8263c3860c219be5ef077daf2235f9d"
"results/Dataset_A/STEP4_FINAL/BestSpeed_02/Confusion_BEST_rowpct.png","261129","fce4d1702df02a52784c2d27c78f5cc2931a7a90b9015acc9f175c596eb3fcb0"
"results/Dataset_A/STEP4_FINAL/BestSpeed_02/Memory_MiBPerSpec.png","48582","d120a1ce042d8afc0144e3f9645ffaabc8bf00fe763df54eb048ea9ce9ccad1f"
"results/Dataset_A/STEP4_FINAL/BestSpeed_02/ROC_AVG.png","205760","a569061976181c9da09683c1e38c364e4ad022f5ec8d1bb3ec5da739a2aff441"
"results/Dataset_A/STEP4_FINAL/BestSpeed_02/ROC_BEST.png","201307","2957edcf479ee56f97d794c0c8ae18598393c63f06c318ef02666067d0fa2ff6"
"results/Dataset_A/STEP4_FINAL/BestSpeed_02/Time_msPerSpec.png","75540","074bded0543c7c2998370b3ce4f0313a76d2cd9ce21b2a777d028f147c1ab87b"
"results/Dataset_A/STEP4_FINAL/BestSpeed_03/Accuracy_over_repeats.png","93300","28a181c0b4a3ca95630972293408c67a2ce7336ba9b18e5bdeee3ba5d553515c"
"results/Dataset_A/STEP4_FINAL/BestSpeed_03/BestSpeed_03_Report.xlsx","65768","6d1d0648255f4284ec0061f7a00ac073103d83520191dd0536fb0098ec5fc530"
"results/Dataset_A/STEP4_FINAL/BestSpeed_03/Confusion_AVG_counts.png","260905","eb9fe4f98190e2069cf4aadd3373bf6601643a3dc7ca7e770cb6cb67eb58faf3"
"results/Dataset_A/STEP4_FINAL/BestSpeed_03/Confusion_AVG_rowpct.png","261317","475608b6e30523cb26fc978a99eff34ad36c3e17cc64f4fecbc7fcb9abb40006"
"results/Dataset_A/STEP4_FINAL/BestSpeed_03/Confusion_BEST_counts.png","259966","f4243fa9af7bd17c884646725017f587863eadce9822e97c256cf2c8fb0f2f48"
"results/Dataset_A/STEP4_FINAL/BestSpeed_03/Confusion_BEST_rowpct.png","261217","7a36733780e208688bff6bb59f6284c54884015643d58c1304dcce332290e60c"
"results/Dataset_A/STEP4_FINAL/BestSpeed_03/Memory_MiBPerSpec.png","48718","96b049d295e01c0e455205daed49fd19b2250772e6659a363c045c429b14090e"
"results/Dataset_A/STEP4_FINAL/BestSpeed_03/ROC_AVG.png","205785","8cfd40ab75431a97c1f53f4d8eb84e487696e0ee0fe62cb37e2a13dbaeb065aa"
"results/Dataset_A/STEP4_FINAL/BestSpeed_03/ROC_BEST.png","201791","56e46a24c98631da6ba7f6f4d43fc9215ff79808b1e374f89107494a5dcdd669"
"results/Dataset_A/STEP4_FINAL/BestSpeed_03/Time_msPerSpec.png","91515","62eeea0b3691a8fde78d2c4619958f669cb4c4853af4787cf756d423aa79f800"
"results/Dataset_A/STEP4_FINAL/FINAL_RESULTS.xlsx","41487","a545d6f1528ff8b5e5bf680d61c2d04cd6cb275fea171b9c888768a429503476"
"results/Dataset_A/STEP4_FINAL/STEP4_FINALISTS.txt","2554","840fc142665e303c1cc6e9386c318fc6bcf7564d77e27dcd75c034bc6862e028"
"results/Dataset_A/STEP4_FINAL/STEP4_SELECTION_SUMMARY.xlsx","13827","53c06444e50d0a4e7b2531bdbaecfe10c3cc33aea0d14c8c9f716229bd50af5f"
"results/Dataset_A/STEP4_FINAL/STEP4_WINNER.txt","1926","9052280ca85c0cccc84b16f0702c3f15f2d1c1200f1c9a8ca17462135ca7b5b5"
"results/Dataset_A/TIMING_REPORT.txt","294","5231ae259f86d382b330c7e06e16c4211c813a19c9cac26d1774a522a3c35c21"
"results/Dataset_A/TIMING_REPORT.xlsx","3089","c0d8ee488f4e80395a9c4a5852b1ea6b1d3b8abbd997cd3b2a68318a218c5ce5"
"results/Dataset_B/ABLATION_EXPORT/ABLATION_MANIFEST.txt","422","41229f71840807fc80fa3755300a1e106ea93b75709b13903920bbd493fb9255"
"results/Dataset_B/ABLATION_EXPORT/ABLATION_SELECTION_BestAccuracy_01.xlsx","5045","05490d2e93bf16e41ea37987f69bcff6f8ecc47f5f19775db672e055a7be2c77"
"results/Dataset_B/ABLATION_EXPORT/ABLATION_SELECTION_BestAccuracy_02.xlsx","5050","6558abb837b89926505d1dbaaa4495fec24d5473b5309de1b0babb882740da28"
"results/Dataset_B/ABLATION_EXPORT/ABLATION_SELECTION_BestAccuracy_03.xlsx","5035","7780b8b71f9df6f6cff416966296f2829c7714d5fb384cdd7897b4316f861f77"
"results/Dataset_B/ABLATION_EXPORT/ABLATION_SELECTION_BestMemory_01.xlsx","5036","b1628260e1bf9ced15e3aee59e2ee2259c8e6bfe4e2e6015322fc460a29886a4"
"results/Dataset_B/ABLATION_EXPORT/ABLATION_SELECTION_BestMemory_02.xlsx","5039","ab9874e44d7c80dcd42949638d6dc9eb77075b17c45998f89b4aa5436d2f699a"
"results/Dataset_B/ABLATION_EXPORT/ABLATION_SELECTION_BestMemory_03.xlsx","5035","00e319bf62a4d3349fc11417e17a3cdb916606d12f61db316c542099416a33eb"
"results/Dataset_B/ABLATION_EXPORT/ABLATION_SELECTION_BestScore_01.xlsx","5034","08fbd0a8f28c7f1848fa58f45ce18efb66d06f14e936d0293ef7596aebd14c9f"
"results/Dataset_B/ABLATION_EXPORT/ABLATION_SELECTION_BestScore_02.xlsx","5042","3c40680f525b2e53115498d540d743328ab03a4d0ee359a58eb9dc6546b90bfa"
"results/Dataset_B/ABLATION_EXPORT/ABLATION_SELECTION_BestScore_03.xlsx","5041","fda50de025a55c6efdc3dc0f5fdd7f327a6f1d92e286454220b19793794b24c3"
"results/Dataset_B/ABLATION_EXPORT/ABLATION_SELECTION_BestSpeed_01.xlsx","5027","efd3bb17ed4f4388ecbda445fca405085c19454bb02ceaedbf59b6d930a4daf1"
"results/Dataset_B/ABLATION_EXPORT/ABLATION_SELECTION_BestSpeed_02.xlsx","5031","801bc69a73aaa28d33a62ac9e5855959af1d5a005bc787c9d8c43dd3d4856460"
"results/Dataset_B/ABLATION_EXPORT/ABLATION_SELECTION_BestSpeed_03.xlsx","5029","0eb58a660d91a631060754d2fa6c6c07fa5ab93c0adc4f6d359407d49f0d7a7d"
"results/Dataset_B/ABLATION_EXPORT/ABLATION_SUMMARY.txt","5189","8afac85874b7dd7090e3b6c644af9e1c52bbd035b8d31753873ace03991cdf28"
"results/Dataset_B/ABLATION_EXPORT/ABLATION_SUMMARY.xlsx","10239","d41674ce85c18902d844426511524330535269bf3b2c6b66fddd77a3381aa742"
"results/Dataset_B/BENCHMARKS/BENCHMARK_MANIFEST.txt","1002","329561905ba4d92dd3af0897d41c209bb3f082e93f9ae0caca7d1257db7675e7"
"results/Dataset_B/BENCHMARKS/BENCHMARK_METHOD_PCA_LDA.xlsx","4689","f983ece7ac71c02bbc1399418798ef9d68052e48cfd7b169c7fdf87928156251"
"results/Dataset_B/BENCHMARKS/BENCHMARK_METHOD_PCA_LINSVM.xlsx","4691","3bbee5ec07cbb718d99759bfd555d28353a8c8e97894d111dd5662df6eb0b6e3"
"results/Dataset_B/BENCHMARKS/BENCHMARK_METHOD_PCA_RF.xlsx","4696","2768226f4e361dc04ce2db98f503d3d17153de3d5fed2730cbf720663c521d25"
"results/Dataset_B/BENCHMARKS/BENCHMARK_METHOD_RAVEN_FINAL.xlsx","4561","214c9aed72542292d5500b01981e66eea7f1a8d67819db15c596ea5bc772441c"
"results/Dataset_B/BENCHMARKS/BENCHMARK_RESULTS.xlsx","4615","e5f935db9ed479d48a5ce7586d8c41be518bbc0ba64cc4c5b8c9a47f68ec8cbd"
"results/Dataset_B/BENCHMARKS/BENCHMARK_SUMMARY.txt","693","27814cf9761ceaf72d07c199821462af2bcba2132e292afa19425106bef17fb0"
"results/Dataset_B/FIGURES/FINAL_CM_counts.png","293095","0e40a6fc9bf5c33779c86cf596f268e5484bf0e98ad87bf8dfcde00b7e936499"
"results/Dataset_B/FIGURES/FINAL_CM_rowpct.png","294740","0c1087b6cfff585b4680abe2f825d1950fa7dbb6d4d9536f4f0e64653dfba1ec"
"results/Dataset_B/FIGURES/FINAL_ROC_MACRO.png","65893","a25b035aa21b372e604399f3696c3c03b814a54b306f9ae5a8b06d57a5309710"
"results/Dataset_B/FIGURES/FINAL_ROC_MICRO.png","66157","cffb2462d3856bd12ba1131c148d162107576425624907f7fc5352eb321887f6"
"results/Dataset_B/FIGURES/FINAL_ROC.png","182564","10a3e0d592a16c712f76f99be6fc2f2b69fa8f79ef6cd70c26ed37ef7d25c9a4"
"results/Dataset_B/FIGURES/STEP1_kPC.png","71196","19d3678f0c90cab2826e9611f126bf86128f9a5396d0f86c206957405ceda9b3"
"results/Dataset_B/FIGURES/STEP2_teacher_search.png","87235","4fcadf5062852f56e508f1c8929bbd6ccaa103a640a1806c1ffee47f5f659208"
"results/Dataset_B/FIGURES/STEP3_bestTeacher_accuracy_vs_memory.png","118978","d2ddbc1f3f0c3544780be4e90530f3e4c0f171e2d87e55c56b2c1b686d679e85"
"results/Dataset_B/FIGURES/STEP3_bestTeacher_accuracy_vs_time.png","156752","a5b04bd140b10db8e297b5faefe2669fa58c13a818d5ab957144a520abd349ca"
"results/Dataset_B/FIGURES/STEP3_dim_vs_F1.png","110327","8755d2006ed7ed01aecbad974131862cb9e7ee3398b708a1f9ad2243b67c4091"
"results/Dataset_B/README.md","453","6aace405ada30f575df3d6be56e9a7be6fae8f5c6d5768e3d57d3b78914235a6"
"results/Dataset_B/STEP0_PREPROC/DATA_DISPOSITION.xlsx","2940","2b084ca1e843a7a6fd2498cad8c3ac0833724a8b64c78f2612888c2680169194"
"results/Dataset_B/STEP0_PREPROC/GROUP_SUMMARY.txt","128","70b3c9a77bce4c27233d54e3d6e3b7808cb6322f41dddb6c562648b14afdc45b"
"results/Dataset_B/STEP0_PREPROC/SPLIT_SUMMARY.txt","364","226fca2999be29d4299b5d5629cf8bdcad6f3e427f1b946aaa3a5d34ae72891d"
"results/Dataset_B/STEP0_PREPROC/SPLIT_SUMMARY.xlsx","3284","00e8679a8d16d25b08c85d05f8d95d60b4652f0524ba0d4d57a3d64bb290d808"
"results/Dataset_B/STEP1_EMBEDDING/STEP1_RESULTS.xlsx","3153","8b2914cd895226dca40368220be587e6eac7e4182675f4a82606b46549b0ebe8"
"results/Dataset_B/STEP2_LOCALIZATION/STEP2_RESULTS.xlsx","3559","de910c2eced0b5bb6bb7476f7cd3fdae1e4416d12ff2be2a9025bdd5feb0d7e3"
"results/Dataset_B/STEP3_LOCALAPPROX/STEP3_BEST_TEACHER_COMPARISON.xlsx","240061","53f2a4571e927352780aea02db1f04a6653f0ea53c0a230ea67007534d2f9385"
"results/Dataset_B/STEP3_LOCALAPPROX/STEP3_RESULTS.xlsx","440852","99ec6b09801b65e69ba540505de1897bb2adf8a1897155d5c646c3c1b965d00d"
"results/Dataset_B/STEP4_FINAL/BestAccuracy_01/Accuracy_over_repeats.png","109367","92dda22e5fc7ed1f961583122377d329ce8ffdc1cf6de5593eb311e0760665c2"
"results/Dataset_B/STEP4_FINAL/BestAccuracy_01/BestAccuracy_01_Report.xlsx","58069","9a27776641ebeea9d9ab8e8a565bc85c95b51b01cf1c2ddfdfad63d9b1e0dc4c"
"results/Dataset_B/STEP4_FINAL/BestAccuracy_01/Confusion_AVG_counts.png","297377","0a57746d03954203b42723f5305fa35ffdccbc69c3ea7012c67c72ac6a6e3772"
"results/Dataset_B/STEP4_FINAL/BestAccuracy_01/Confusion_AVG_rowpct.png","297327","00327b5da7bf88b5f0b93dd2fb74e4c0804e68c6f19df31a292df82a57595cc3"
"results/Dataset_B/STEP4_FINAL/BestAccuracy_01/Confusion_BEST_counts.png","296004","ce8c422097e1fa09e1c25a5a17c23c176e52474047ef7ddd9b9c507886e6484e"
"results/Dataset_B/STEP4_FINAL/BestAccuracy_01/Confusion_BEST_rowpct.png","296943","369d5550f6cfd1e779a5d0c6c948fe3824c70f2a310e80a1eaea19600f16caf1"
"results/Dataset_B/STEP4_FINAL/BestAccuracy_01/Memory_MiBPerSpec.png","53187","9a4dfee2f1f505ec94eb697c3ab479955c4aae5535f81d616c9e711c9529fd0d"
"results/Dataset_B/STEP4_FINAL/BestAccuracy_01/ROC_AVG.png","181078","4dbef1be513aafece515867071dc99aa3342e26b60684cae58b314bb071b6064"
"results/Dataset_B/STEP4_FINAL/BestAccuracy_01/ROC_BEST.png","180206","1e71736be482a04838f8004cce8f64d5b80b652a0d73232275674b5f5bb59827"
"results/Dataset_B/STEP4_FINAL/BestAccuracy_01/Time_msPerSpec.png","96156","cd0fe17369f1905b59c20a0c01f0081518786b1638e752d6d9292905727631c1"
"results/Dataset_B/STEP4_FINAL/BestAccuracy_02/Accuracy_over_repeats.png","109701","d263088ccfd600cd4eca21de27dfe91e168a20d939041a118e368df1e0c142ac"
"results/Dataset_B/STEP4_FINAL/BestAccuracy_02/BestAccuracy_02_Report.xlsx","58083","4e3ca13729cd5e48307116c0799f2496a45696b85d45a0735f7fb9576ce0477d"
"results/Dataset_B/STEP4_FINAL/BestAccuracy_02/Confusion_AVG_counts.png","297711","301bf86a23a0992e804b387c690dbf7c0a3db81dd880dea2dd1b0051c7c9ca6a"
"results/Dataset_B/STEP4_FINAL/BestAccuracy_02/Confusion_AVG_rowpct.png","297672","1c7fba0b814bf7e5d63c53647228f053215eaa8ccb18cce9ce7982e39b401d6b"
"results/Dataset_B/STEP4_FINAL/BestAccuracy_02/Confusion_BEST_counts.png","296405","fb7fa1121a252528504f7546fd0f0811dcc3e532e3d1e8cd5645f4790f91ff37"
"results/Dataset_B/STEP4_FINAL/BestAccuracy_02/Confusion_BEST_rowpct.png","297287","a2a2392adaf5bf4f36f4b0a2f21c2f8675102f304c9671a2931d59e9cec7cc21"
"results/Dataset_B/STEP4_FINAL/BestAccuracy_02/Memory_MiBPerSpec.png","53587","5f41c5ffea4296dacd7f9b93ccc564c202a921a21c0788288f2f800c45c3b6ff"
"results/Dataset_B/STEP4_FINAL/BestAccuracy_02/ROC_AVG.png","181481","e4161b254be1b8322bee5dca266b9c35d3583ff0ec09ec75987a84b00de14ed4"
"results/Dataset_B/STEP4_FINAL/BestAccuracy_02/ROC_BEST.png","180526","5c4c5c9aed40a73da2dfc4962405dcaebe05dda4547a304ccc97221cc0f17304"
"results/Dataset_B/STEP4_FINAL/BestAccuracy_02/Time_msPerSpec.png","87049","8db163a31a4e862ad7c126b608508b926aaf5b88fa0222199ba97a9e1b721912"
"results/Dataset_B/STEP4_FINAL/BestAccuracy_03/Accuracy_over_repeats.png","100100","e2159ffb30a01440333dbbe2a3ebe97ee76e6e53af0d83aceafce0e014fa9d1e"
"results/Dataset_B/STEP4_FINAL/BestAccuracy_03/BestAccuracy_03_Report.xlsx","57671","1fa1099fdd958464c509b558e4fd30d75986761187bf0e6160320dbdd3bd6311"
"results/Dataset_B/STEP4_FINAL/BestAccuracy_03/Confusion_AVG_counts.png","297805","3cf45ee76ee96ec93f3134fba4639439216be26b542a74b0c1d83f26da4bfde5"
"results/Dataset_B/STEP4_FINAL/BestAccuracy_03/Confusion_AVG_rowpct.png","297755","e65a461a2820532cda544a159acc64227ee5aa44fa48ee7bf210c3033a6446c0"
"results/Dataset_B/STEP4_FINAL/BestAccuracy_03/Confusion_BEST_counts.png","296522","b7dffb81f9ed8365e6648425cfa4b5e5dcf9a00d063006d28515ddc6c3a1aa99"
"results/Dataset_B/STEP4_FINAL/BestAccuracy_03/Confusion_BEST_rowpct.png","297350","d18f39a7a33ffeb675a4708d018e0f87837d3c2a7f65fc8e740d9df9890d5a97"
"results/Dataset_B/STEP4_FINAL/BestAccuracy_03/Memory_MiBPerSpec.png","53614","bca32f6a2495810824461985f491e35a725a08922abef66f578adaf7585aa348"
"results/Dataset_B/STEP4_FINAL/BestAccuracy_03/ROC_AVG.png","181433","44cb8c30a5ced826fcdfa50b74b3a97746668128c626a4e0db395ec93e2e60ff"
"results/Dataset_B/STEP4_FINAL/BestAccuracy_03/ROC_BEST.png","180316","3dc753a0bd8a693c33554222b6f98829ab794449c3b1cb2290693b2485b4c98e"
"results/Dataset_B/STEP4_FINAL/BestAccuracy_03/Time_msPerSpec.png","87299","e8581d80783438821ea002380b29a02210024c4a2e7211130f5cb8dd36366c13"
"results/Dataset_B/STEP4_FINAL/BestMemory_01/Accuracy_over_repeats.png","101294","0b79e5b652c86417f65edccd62792322d91b1d86edae1982ebc8f47bffc5939b"
"results/Dataset_B/STEP4_FINAL/BestMemory_01/BestMemory_01_Report.xlsx","56464","49778016295b0a8e7baaf8a43a135256fa9c41758564000747b6be5c795da0d8"
"results/Dataset_B/STEP4_FINAL/BestMemory_01/Confusion_AVG_counts.png","296958","49973182df331d8bc7dc8457f62a9419f5043b44c5251c8525e85904477a84cc"
"results/Dataset_B/STEP4_FINAL/BestMemory_01/Confusion_AVG_rowpct.png","296465","bcff7840bafc329ffb72e6804ce087abfc2c374779a6d7c2ff44da0c206ef151"
"results/Dataset_B/STEP4_FINAL/BestMemory_01/Confusion_BEST_counts.png","296135","7b531f3f491a9b48d5c1185bedfe1ec9f5142df39f303c653045f6b79c09769a"
"results/Dataset_B/STEP4_FINAL/BestMemory_01/Confusion_BEST_rowpct.png","296594","a194abd712ff1bd22cc3536d7a8063d8fde85106461b9ea330d229782b5827ad"
"results/Dataset_B/STEP4_FINAL/BestMemory_01/Memory_MiBPerSpec.png","51643","903fa5e58072c5cedba8d0fc3f017f6d03f77a2668bb831dacb3ab809b0ce5a9"
"results/Dataset_B/STEP4_FINAL/BestMemory_01/ROC_AVG.png","180445","287810861f81359af5d7649f3012efb2e11e54767f7511c84ecc1cd6d9785c15"
"results/Dataset_B/STEP4_FINAL/BestMemory_01/ROC_BEST.png","178366","07fd7b6aa6f52311700721a4a7daa4190b6d2499011aa939de33ada463ed96aa"
"results/Dataset_B/STEP4_FINAL/BestMemory_01/Time_msPerSpec.png","99919","8212f3876424c9743c4fff8d70089b4021167368e5221f7789aceb28c817dcf2"
"results/Dataset_B/STEP4_FINAL/BestMemory_02/Accuracy_over_repeats.png","96770","d95f411b880678fe882a97f122ad0ebe460b05ca3e6f0289b61714df8bcf8aab"
"results/Dataset_B/STEP4_FINAL/BestMemory_02/BestMemory_02_Report.xlsx","56606","2533fd1532a2cfd4b72889fc4db7185c2094b74ad75be944bdf72354eff6ecaa"
"results/Dataset_B/STEP4_FINAL/BestMemory_02/Confusion_AVG_counts.png","297294","919e23e273943bed43938bbe21f380e00f903a3c4aed0a0d93ac784e48021999"
"results/Dataset_B/STEP4_FINAL/BestMemory_02/Confusion_AVG_rowpct.png","296823","36e95b37ef4b10e84657d1827366ace8ba9b30b5128c47d09f79696b288221c2"
"results/Dataset_B/STEP4_FINAL/BestMemory_02/Confusion_BEST_counts.png","296430","5d220d2d9b7a7562d9a655f50fb138122de08f686c6ee102c6f57b2cb54ee029"
"results/Dataset_B/STEP4_FINAL/BestMemory_02/Confusion_BEST_rowpct.png","296910","0123ac107b2b4b73e1e33c70ceab43bb57d1690c15549da1465b952a7f4b0373"
"results/Dataset_B/STEP4_FINAL/BestMemory_02/Memory_MiBPerSpec.png","52117","6cc9a2a27c169996280002304b562de6c1bbc80b0ed12b94f5174795aa9ac0ee"
"results/Dataset_B/STEP4_FINAL/BestMemory_02/ROC_AVG.png","180898","383c08c387c9c8dc35f869ac8cfb62a848d490a4fa4289a4f56b4caef46f2022"
"results/Dataset_B/STEP4_FINAL/BestMemory_02/ROC_BEST.png","178638","3425d1918ae3b04dcf8df92f07f1da9b30733481a36805b39a7c5dba0a6032b7"
"results/Dataset_B/STEP4_FINAL/BestMemory_02/Time_msPerSpec.png","92637","da0972a9194e72e42b641e81cdc97ec8b6242842805492f737a725df31073ce2"
"results/Dataset_B/STEP4_FINAL/BestMemory_03/Accuracy_over_repeats.png","96882","35a93393889658c01871ca9a651e283a90fc73a9883bf32418a066de4c57e4d9"
"results/Dataset_B/STEP4_FINAL/BestMemory_03/BestMemory_03_Report.xlsx","56619","7409527a01750c4f72c8c3334ca6a4b23ee749f6623910fd359fc19ec19af56d"
"results/Dataset_B/STEP4_FINAL/BestMemory_03/Confusion_AVG_counts.png","297362","ab633cafa8bdf9b17214414a4023b067e49fb5418a55255efd26847da2cd1642"
"results/Dataset_B/STEP4_FINAL/BestMemory_03/Confusion_AVG_rowpct.png","296951","4159f95f304ed83e1af58d2107eff905b2c6d05dc63a950690b8436f43e0ce6e"
"results/Dataset_B/STEP4_FINAL/BestMemory_03/Confusion_BEST_counts.png","296585","f2442d9a995b9ede19c605d60d94dbbc563c24555ce38ff8196c54b6a74decfa"
"results/Dataset_B/STEP4_FINAL/BestMemory_03/Confusion_BEST_rowpct.png","297025","f886d57618c5412aba98397c84ed2768a39627c636ee3b2c6e0370994e78a1bb"
"results/Dataset_B/STEP4_FINAL/BestMemory_03/Memory_MiBPerSpec.png","52210","0ada696a5f69c39503a6f88924c86dbcd9dc491697cdbc1b4d4049394caf786f"
"results/Dataset_B/STEP4_FINAL/BestMemory_03/ROC_AVG.png","181020","8b029fdf361742addefdf109fb20de8cd983d115bbb33bc5855760816dceb394"
"results/Dataset_B/STEP4_FINAL/BestMemory_03/ROC_BEST.png","178730","3d483d230e380b1bddfca7ddbec6316cc3cb2400298cf75ed28aeac53d97742f"
"results/Dataset_B/STEP4_FINAL/BestMemory_03/Time_msPerSpec.png","95396","4a8c4d3746d90b3ee945fe36ad81d1564ff3bcdb73320ab379fd849ca0cb455d"
"results/Dataset_B/STEP4_FINAL/BestScore_01/Accuracy_over_repeats.png","115385","f9a4be59fe08136000f5953bfde8c60bf50e8f74f7cf7720c69c46712d2673af"
"results/Dataset_B/STEP4_FINAL/BestScore_01/BestScore_01_Report.xlsx","56532","6821aab0b8b8a877144d6f683b3c5699f25fb54aa2a46744b387bf1ce33467d2"
"results/Dataset_B/STEP4_FINAL/BestScore_01/Confusion_AVG_counts.png","296352","9467b45384ce4a592201646ca6db612326170ce7316902022d22b31d48a584fe"
"results/Dataset_B/STEP4_FINAL/BestScore_01/Confusion_AVG_rowpct.png","296253","b0696a0d59824cc8319a2364ffc806a9b514b4f855f77fe9c2f3eeed6dddf91b"
"results/Dataset_B/STEP4_FINAL/BestScore_01/Confusion_BEST_counts.png","296070","09185e6aa2caf24ebd515d97a834e587645f1f646b06a9e771ab96d6424ec633"
"results/Dataset_B/STEP4_FINAL/BestScore_01/Confusion_BEST_rowpct.png","296604","5a95b72a60a64c799098a9e3e5156fd5fa2ba6339b550614a3dd84afde24279b"
"results/Dataset_B/STEP4_FINAL/BestScore_01/Memory_MiBPerSpec.png","50932","a6c7b99693506f6480da3b7ff12f0251e45424a264959e5ed0892609ef85f192"
"results/Dataset_B/STEP4_FINAL/BestScore_01/ROC_AVG.png","180450","0b2c6f9145089511a87fe625484135ec36217de880dcd824b3a34d4ab5b48b2c"
"results/Dataset_B/STEP4_FINAL/BestScore_01/ROC_BEST.png","178338","36dca43b2d731af6225f8016bdf4d29c3367e741c6a8186f4782734b261fb248"
"results/Dataset_B/STEP4_FINAL/BestScore_01/Time_msPerSpec.png","95908","f57bcd2d596a571049c78c2673082f2f09f82606c99c52468dcb96c99d50674d"
"results/Dataset_B/STEP4_FINAL/BestScore_02/Accuracy_over_repeats.png","115790","1fdadbea368d04031b738fe33764b767c164bafdff383baa030f603a1969c6f2"
"results/Dataset_B/STEP4_FINAL/BestScore_02/BestScore_02_Report.xlsx","56665","c357b2159eafcbe090417bbc39cd8c335cf9208e9d798608b572b6452e28b519"
"results/Dataset_B/STEP4_FINAL/BestScore_02/Confusion_AVG_counts.png","296731","5d2b57710e492c7e18dc45d8c4aaec757241e532067d7341cf769e89e0639e04"
"results/Dataset_B/STEP4_FINAL/BestScore_02/Confusion_AVG_rowpct.png","296601","d4b40f067fe3417ed3447252bf0bb25b4ae97fe61ef142900b11f0826b2b302a"
"results/Dataset_B/STEP4_FINAL/BestScore_02/Confusion_BEST_counts.png","296425","511cf0a41545328dfb9c4185c15fa967c55d24b12eb0d73ff76df767b8a20930"
"results/Dataset_B/STEP4_FINAL/BestScore_02/Confusion_BEST_rowpct.png","296945","0674fbb963aaf43ea59e6c97c0f59fd56ee81be55306a6f986f8f6ae0b396da3"
"results/Dataset_B/STEP4_FINAL/BestScore_02/Memory_MiBPerSpec.png","51400","f768b74a0dec4c7a711003345c5f1eae989847605f0256ddf056913f99d21b33"
"results/Dataset_B/STEP4_FINAL/BestScore_02/ROC_AVG.png","180872","9a1d16c72754572942de4193e8e8fc9581d96856f3b63a609a9bfef9d51ace52"
"results/Dataset_B/STEP4_FINAL/BestScore_02/ROC_BEST.png","179340","ad6da3bf5875751603c894d832acb1dce56ab0f734b92332f933590a11f2fcd0"
"results/Dataset_B/STEP4_FINAL/BestScore_02/Time_msPerSpec.png","84411","9e608beac3d6cf3e4d6cc6f94d3e85bc72d4af844e2fa4b1649b912262592849"
"results/Dataset_B/STEP4_FINAL/BestScore_03/Accuracy_over_repeats.png","115890","4dfc7383fe810dec85cf2192532be49a74a6ed7e8c3df6a9d9442c9f9a152a3e"
"results/Dataset_B/STEP4_FINAL/BestScore_03/BestScore_03_Report.xlsx","56971","8cf86c8d4a93f01d3302588c23c4801ba41d5cb5fc0062f946678a4f1dfed48c"
"results/Dataset_B/STEP4_FINAL/BestScore_03/Confusion_AVG_counts.png","296802","4529051ce20d4fb1b108aa9817249d4692a08beb404ea683707267b4266707d9"
"results/Dataset_B/STEP4_FINAL/BestScore_03/Confusion_AVG_rowpct.png","296678","c5d068e2962be8f1b989e22af0ab739f7784b74b6464036b27ee70dc310baad0"
"results/Dataset_B/STEP4_FINAL/BestScore_03/Confusion_BEST_counts.png","296495","301d583171b0247efe743be49ceb9df12cc852c029b2806c3f28ccd13000c176"
"results/Dataset_B/STEP4_FINAL/BestScore_03/Confusion_BEST_rowpct.png","297120","456f95c9b7def94b4d87030a479ef22f56eae05fd72d0fbde614e3127ef4dae8"
"results/Dataset_B/STEP4_FINAL/BestScore_03/Memory_MiBPerSpec.png","51578","a1b530201070270a39b01b64412297ad092a533ab8eb0580e798ca088062fb63"
"results/Dataset_B/STEP4_FINAL/BestScore_03/ROC_AVG.png","180893","a8cfc0293b856cbba3e2dee3dfcb33624629b52849f77bd815eb710ec4eb4eb7"
"results/Dataset_B/STEP4_FINAL/BestScore_03/ROC_BEST.png","179308","97589eda35806248069ce79108dace7e3339ff5ca5b6a3bbe82ff604e2f4a913"
"results/Dataset_B/STEP4_FINAL/BestScore_03/Time_msPerSpec.png","88383","08cc2017fd559353970288583db3b5ea06e2524c29c13654741185b3dcd1422c"
"results/Dataset_B/STEP4_FINAL/BestSpeed_01/Accuracy_over_repeats.png","96008","f0f77d8147922f1f40577cc9a55e560c58c500293674742529d2a4484efbbcf4"
"results/Dataset_B/STEP4_FINAL/BestSpeed_01/BestSpeed_01_Report.xlsx","57001","aa9529c710a202a5ebee6a7e96993904f535fe90eb4f10551d95857fd281d11f"
"results/Dataset_B/STEP4_FINAL/BestSpeed_01/Confusion_AVG_counts.png","296830","cff7e98452f789fcc1d9dd66966e55f7cbbc03df076b9dd77180ccd9f50a0a27"
"results/Dataset_B/STEP4_FINAL/BestSpeed_01/Confusion_AVG_rowpct.png","296127","01de60187c0a5e537918dba5e4a1500b0ca62a9fabc55e4f1946a2985fb9db22"
"results/Dataset_B/STEP4_FINAL/BestSpeed_01/Confusion_BEST_counts.png","296353","a6e371207021e6c530bb9cac0a6d359b48dca7721c5bf6b54497ff37f7ac45ba"
"results/Dataset_B/STEP4_FINAL/BestSpeed_01/Confusion_BEST_rowpct.png","296681","9bdc637823a1a39397f9a81f508deab44d85855650d7b663d843f37b4635bac8"
"results/Dataset_B/STEP4_FINAL/BestSpeed_01/Memory_MiBPerSpec.png","51373","3e33422d4cd16077a122ae9963b1c42bd8d4419bc9d1b0fe2c86333b3f44e6ad"
"results/Dataset_B/STEP4_FINAL/BestSpeed_01/ROC_AVG.png","182464","9f272c4e7cb7ffd5e889ff8bb05fb85c35e66ec4dcc1a50d4182a8f769996f9e"
"results/Dataset_B/STEP4_FINAL/BestSpeed_01/ROC_BEST.png","180665","5606afdaa7c5f96e086c1ac5bc62bcfdafb3d32bfefd840ce315eb8e674c707b"
"results/Dataset_B/STEP4_FINAL/BestSpeed_01/Time_msPerSpec.png","98676","38abbb200b957199f17a19fb3cb3ebe5c335af5998c980fd43efabeb8f360526"
"results/Dataset_B/STEP4_FINAL/BestSpeed_02/Accuracy_over_repeats.png","96334","65d203b712d257e5b9a3e45961d8a3d87d3a90b043a05998a38a6ed702ac29dc"
"results/Dataset_B/STEP4_FINAL/BestSpeed_02/BestSpeed_02_Report.xlsx","57195","c73c19283b8d4253ce9e64b099de00cdcae7630cae1bb0bfba8e3e22427d7351"
"results/Dataset_B/STEP4_FINAL/BestSpeed_02/Confusion_AVG_counts.png","297201","7d315db1849570303c7b3009e3ce80c06b5a3a3b585b8b6bb1a3bbda146caf31"
"results/Dataset_B/STEP4_FINAL/BestSpeed_02/Confusion_AVG_rowpct.png","296572","91922492f8f036d64d7fd88ad2d4295473412c2928cc03a4c2ce6ab83d0ef84c"
"results/Dataset_B/STEP4_FINAL/BestSpeed_02/Confusion_BEST_counts.png","296773","d184a2c5a51a71e9c910f39f6a9039f890be4931064181404cbe33b5a4c8a2df"
"results/Dataset_B/STEP4_FINAL/BestSpeed_02/Confusion_BEST_rowpct.png","297039","7d1351d0c3b3fc1e645243643840a3d2b14ed36a1a9e0eb3d77dc2ba41d54dec"
"results/Dataset_B/STEP4_FINAL/BestSpeed_02/Memory_MiBPerSpec.png","51861","0862151accc520243514481300c29048e68d3e4ea004cc02b403cfd0cd1c2e39"
"results/Dataset_B/STEP4_FINAL/BestSpeed_02/ROC_AVG.png","182802","525e43ca4cd1ec2f2e99efbfabeb7b60db8aed7dae07b032bec9985fd6bf6bbc"
"results/Dataset_B/STEP4_FINAL/BestSpeed_02/ROC_BEST.png","180484","720a6dcdcecfd83c63059d085bbcdbbfd1b6b6a1fadb478f55b13fe25f9a5b19"
"results/Dataset_B/STEP4_FINAL/BestSpeed_02/Time_msPerSpec.png","86235","ddf777deacff54f9053f1cc55b334c1a55d64b95c76df5427c5298442c19ee32"
"results/Dataset_B/STEP4_FINAL/BestSpeed_03/Accuracy_over_repeats.png","109417","aa9f8402cdc6f32ad31213ab3351e96aac55415559fc908f4c0dc2131ca056b0"
"results/Dataset_B/STEP4_FINAL/BestSpeed_03/BestSpeed_03_Report.xlsx","55992","edd2db19ebe58eb89b19df1a11bfdcb2a8910113de3d855b53691b795602709f"
"results/Dataset_B/STEP4_FINAL/BestSpeed_03/Confusion_AVG_counts.png","297313","4c79438716f98e141978aaa19fbda6727ae2e7670e8763c47012e53313b12abc"
"results/Dataset_B/STEP4_FINAL/BestSpeed_03/Confusion_AVG_rowpct.png","296649","9e24f769298999dc87a64117192d11d48502d4d42303c0b7aaa77ec71dd2f86d"
"results/Dataset_B/STEP4_FINAL/BestSpeed_03/Confusion_BEST_counts.png","296890","f5f8e154816d2c7f3cdf87df811283c73eb8e5c5eddd291cfef8feb9a1493031"
"results/Dataset_B/STEP4_FINAL/BestSpeed_03/Confusion_BEST_rowpct.png","297158","c293c1866fa027a1fba3c187f9066f9b862ee7d5fb83871726f76a819725cf52"
"results/Dataset_B/STEP4_FINAL/BestSpeed_03/Memory_MiBPerSpec.png","51994","25221bc97a04c467aa248866c4761bd3640cbcadcb70b4f0a6cf9c060a9fd57c"
"results/Dataset_B/STEP4_FINAL/BestSpeed_03/ROC_AVG.png","182544","0202b5b93a8aa44d8bdfaede66b54b6448c0d014099cae2beaa107b1ea1f0f2a"
"results/Dataset_B/STEP4_FINAL/BestSpeed_03/ROC_BEST.png","180329","dc0d11fea6a219544aae4b0ef131c09dbbfbe45dd44d9b6b0565970abeb856f0"
"results/Dataset_B/STEP4_FINAL/BestSpeed_03/Time_msPerSpec.png","85031","4212a85e555e6e89dd6b5465ff760f3d92a69f13d5b690d4fbb3ba764c9a97b6"
"results/Dataset_B/STEP4_FINAL/FINAL_RESULTS.xlsx","39804","12b2c98d875cb2e65174ae0292682b90dffc7aa4c704c311ba834012b48350b2"
"results/Dataset_B/STEP4_FINAL/STEP4_FINALISTS.txt","2563","c37d2b67d6c09824605a3f12e2cd81994adc8e02372cdb0c156e7dfc4e1255fb"
"results/Dataset_B/STEP4_FINAL/STEP4_SELECTION_SUMMARY.xlsx","13835","a8fa9b95e01ddc4445482976d8dd33388fa8bfea69200bbf3cdc7d0ad7edf032"
"results/Dataset_B/STEP4_FINAL/STEP4_WINNER.txt","1924","c8a71c2d5ab652072086b315241da1595713d7732481d358512ac61a23045072"
"results/Dataset_B/TIMING_REPORT.txt","340","4d9788536dbcb21ac2bf88530270e5ccecac526cb3116491472bc37992067a48"
"results/Dataset_B/TIMING_REPORT.xlsx","3130","bf13bc893e3c2408e85c8ca7f8c3519cad30315ef1124e02f8de4809a06ad9d9"
"results/Dataset_C/ABLATION_EXPORT/ABLATION_MANIFEST.txt","418","bec02410b19ac98274975b2b9188dee500cdfeee42c23635a17f4db4e8f1ba2f"
"results/Dataset_C/ABLATION_EXPORT/ABLATION_SELECTION_BestAccuracy_01.xlsx","5093","6d9f6687fe945b468dbfd7bda9c4f35dcae6b29e4cc9718e36ac7e411b78823e"
"results/Dataset_C/ABLATION_EXPORT/ABLATION_SELECTION_BestAccuracy_02.xlsx","5090","01d2a59193fab3b3097134d9925274d710ec8cdc8f79a5f93751a42fb7b91150"
"results/Dataset_C/ABLATION_EXPORT/ABLATION_SELECTION_BestAccuracy_03.xlsx","5091","06d9ecf742e21898eba77dfa07f4105a4a702820aa597541878b26906dd5701c"
"results/Dataset_C/ABLATION_EXPORT/ABLATION_SELECTION_BestMemory_01.xlsx","5080","c07c06221c3a44ba56f0754fe3635a1385c29bdcb5b437e30522e01a7062a6bd"
"results/Dataset_C/ABLATION_EXPORT/ABLATION_SELECTION_BestMemory_02.xlsx","5083","d135a46d1a898352410fabf960a3ef71c56c6bd828237953246508e367fad20f"
"results/Dataset_C/ABLATION_EXPORT/ABLATION_SELECTION_BestMemory_03.xlsx","5080","bb766f11310693e336628ac642f4e114e83a2576e35cac08109004491ce33843"
"results/Dataset_C/ABLATION_EXPORT/ABLATION_SELECTION_BestScore_01.xlsx","5083","951c4e04e60bbf5dca6b16aa782e129e784003ce6448ec538459b59a9731524d"
"results/Dataset_C/ABLATION_EXPORT/ABLATION_SELECTION_BestScore_02.xlsx","5084","578dcd4c173e55673310cf78c638c8140f3eef7184193de0d1d978111ad7f720"
"results/Dataset_C/ABLATION_EXPORT/ABLATION_SELECTION_BestScore_03.xlsx","5083","fd1d35c03b8508b43dc6408491bc7fd96de71be190187e925360b716f221fc0f"
"results/Dataset_C/ABLATION_EXPORT/ABLATION_SELECTION_BestSpeed_01.xlsx","5082","53e6b0c5114c51395b8b741f0614372fd9c37a82c49609ae8a053dd1c8312d63"
"results/Dataset_C/ABLATION_EXPORT/ABLATION_SELECTION_BestSpeed_02.xlsx","5089","a605f797c7b7378d45ab4ef2e9fa7574fe9ffa66f09b02017c4e16f4e3cacc37"
"results/Dataset_C/ABLATION_EXPORT/ABLATION_SELECTION_BestSpeed_03.xlsx","5070","b4c005a6e086d5d9127d47e0341c9a375e031bfe8ea82275d54435bb7005496a"
"results/Dataset_C/ABLATION_EXPORT/ABLATION_SUMMARY.txt","5162","b694717180463fa4081d9e20be2e1d57cc20e1664f72b2214ce97842ce25b94f"
"results/Dataset_C/ABLATION_EXPORT/ABLATION_SUMMARY.xlsx","10661","2e61ac7faaee404d11355d48684637cd9bb94504876e8d65a3fe1e5fb58f026a"
"results/Dataset_C/FIGURES/FINAL_CM_counts.png","80706","50e297893146d9507f14434b7e1e5ad2e7078bb257aa629ba37d882a55e944ce"
"results/Dataset_C/FIGURES/FINAL_CM_rowpct.png","88137","74e7f397ac17f9699b5e39eb7b3305a120f84ba76332846e31c71228dba44738"
"results/Dataset_C/FIGURES/FINAL_ROC_MACRO.png","59936","47376dc2c93f68439543dabc371f7aa85fa7fb4cef4fd41209d3377faeb0da21"
"results/Dataset_C/FIGURES/FINAL_ROC_MICRO.png","60180","e718a79fb06cdbda6c9f0dd849c2701c16c0b4579cb991945b9b57e1ef74731b"
"results/Dataset_C/FIGURES/FINAL_ROC.png","91649","2a8fbb1e18edf1b78599fb45a64ed690b0b9aa5f7cdc96c3003f43e765355096"
"results/Dataset_C/FIGURES/STEP1_kPC.png","118395","f21902480b6764d60edad501535e2304657ed2d60876983fe7194df14102f3bf"
"results/Dataset_C/FIGURES/STEP2_teacher_search.png","88869","03768687329cf28defffd2c996195d27e9e03654fca2effc9ad6c0c5a5e1a07d"
"results/Dataset_C/FIGURES/STEP3_dim_vs_F1.png","93927","04f0afb236629ac6dfbbfb2573363b7f660a9ccd11c79f1b6231ced2863e2f3b"
"results/Dataset_C/README.md","453","578d399f13e00d64146d718cb0cd361b65fa81dbf52dfa06181f5f982afc8e19"
"results/Dataset_C/STEP0_PREPROC/DATA_DISPOSITION.xlsx","2935","917a420ff7196e874660f823fb951846b962578011095f4a3d3a3fea31ad5f5d"
"results/Dataset_C/STEP0_PREPROC/GROUP_SUMMARY.txt","128","70b3c9a77bce4c27233d54e3d6e3b7808cb6322f41dddb6c562648b14afdc45b"
"results/Dataset_C/STEP0_PREPROC/SPLIT_SUMMARY.txt","363","a0d9b07d64327426e9e261ed634207943a5167349405633e183db779119bd123"
"results/Dataset_C/STEP0_PREPROC/SPLIT_SUMMARY.xlsx","3282","fc0b5a3173f2bbec019232745ddc8f09b7951120c38f18c7b94f16f1b9ff7d23"
"results/Dataset_C/STEP1_EMBEDDING/STEP1_RESULTS.xlsx","5075","89e7e5253a55edec7728c464b5ef7805bbac0af9fa9581e6d0a0dd8238582a45"
"results/Dataset_C/STEP2_LOCALIZATION/STEP2_RESULTS.xlsx","19100","f370f05ddcb793a4b634d6c195e72837fe6694fbaac55d961545b73ed4266127"
"results/Dataset_C/STEP3_LOCALAPPROX/STEP3_RESULTS.xlsx","119569","e356360b8c05bd4174604f660c6bddbd898bba59e9db0e024e8408cb9473e984"
"results/Dataset_C/STEP4_FINAL/BestAccuracy_01/Accuracy_over_repeats.png","83702","7b4f66cf97d08844c99687b3659c74f11c33322f3a23d8775b5328c865a12cc6"
"results/Dataset_C/STEP4_FINAL/BestAccuracy_01/BestAccuracy_01_Report.xlsx","24116","571acf8533e32f181f6e5e3f5bc47f10510b77be41e9f6acf0679ef44818b546"
"results/Dataset_C/STEP4_FINAL/BestAccuracy_01/Confusion_AVG_counts.png","84962","a6239b9971bb9ba50c2935c7087a325032a5a8be516449d71f7ef8be59b5e0cc"
"results/Dataset_C/STEP4_FINAL/BestAccuracy_01/Confusion_AVG_rowpct.png","90706","860e625be6919c0069bba473bc1cdddc7b6c202098764c33941d120969a8567c"
"results/Dataset_C/STEP4_FINAL/BestAccuracy_01/Confusion_BEST_counts.png","83592","5625fdbf35cdfad0583db1553abb7c7f36819d6f749221c789a4170e4b6384d4"
"results/Dataset_C/STEP4_FINAL/BestAccuracy_01/Confusion_BEST_rowpct.png","90225","0f188d28e46efcfdae2fd658de2431c87e044f4e7d52e941e48e867f121df35b"
"results/Dataset_C/STEP4_FINAL/BestAccuracy_01/Memory_MiBPerSpec.png","49897","decc836bbd42fddb3588e210f336eddb42b6b78a4343d64ac5d6cf17a4c55ce3"
"results/Dataset_C/STEP4_FINAL/BestAccuracy_01/ROC_AVG.png","88811","04ef51f7fe3522397d4b80d47c237425b2f8c4b97e82281a6d82899e51824ac1"
"results/Dataset_C/STEP4_FINAL/BestAccuracy_01/ROC_BEST.png","89766","d7c2119717d5d5f87f87adf683f0ba131bdc62be7dd825bee30e0227f09523d3"
"results/Dataset_C/STEP4_FINAL/BestAccuracy_01/Time_msPerSpec.png","64827","060045a54fc37517cdd32cb69b9de86c703571c79ed5ba91fb3cd0736b00d34e"
"results/Dataset_C/STEP4_FINAL/BestAccuracy_02/Accuracy_over_repeats.png","84027","f156cec2a43ec866e94225b1d91260262a3c8525b0c646b4d435fe9e510b1d08"
"results/Dataset_C/STEP4_FINAL/BestAccuracy_02/BestAccuracy_02_Report.xlsx","24051","c3265d88a28321d3783ff515db2820fb026bd14a1a34789b1b9a6212be8d2aeb"
"results/Dataset_C/STEP4_FINAL/BestAccuracy_02/Confusion_AVG_counts.png","85273","0af18a529dbcd90bc84d64123f4faff3e89804021cc62c3529be852de8aed78a"
"results/Dataset_C/STEP4_FINAL/BestAccuracy_02/Confusion_AVG_rowpct.png","91019","fb3a58ce107da2fdf375c33fc0194dcba0e7bded364028302c36f7d42f76f9ce"
"results/Dataset_C/STEP4_FINAL/BestAccuracy_02/Confusion_BEST_counts.png","83965","f63553a4ed93b79ba2d59fc42616207905ef36b57d51b9a533ef74a914bafee4"
"results/Dataset_C/STEP4_FINAL/BestAccuracy_02/Confusion_BEST_rowpct.png","90561","e03dd1042c63892fe95f978aa9c1dc9b5861beeea40d3d969ecc64963abafdfe"
"results/Dataset_C/STEP4_FINAL/BestAccuracy_02/Memory_MiBPerSpec.png","50285","32940fc41578cacae29e26ad4ecabbb75f2af5acb027cd182ed1ec121fd9e756"
"results/Dataset_C/STEP4_FINAL/BestAccuracy_02/ROC_AVG.png","89105","55ccc79816af90d73730b2ecfc2359cb5eebab4f607b6ace042f4a89bb065fe7"
"results/Dataset_C/STEP4_FINAL/BestAccuracy_02/ROC_BEST.png","89910","7a6fed7a10f4925c6a8228efe2c37de1cbb1d5a25c18ec3d4bf0a0cb36329d2d"
"results/Dataset_C/STEP4_FINAL/BestAccuracy_02/Time_msPerSpec.png","67542","3d2fc3ceedf9c2e979d66d2318b55414f74085c99c7e4077d160bc3e41af84f9"
"results/Dataset_C/STEP4_FINAL/BestAccuracy_03/Accuracy_over_repeats.png","83532","5e56cbbfe3ef15212eda79fe397fbb2506d6221e0014c7991b0ff28e6e5dcbf1"
"results/Dataset_C/STEP4_FINAL/BestAccuracy_03/BestAccuracy_03_Report.xlsx","24361","35e96ed734c99413c5d79760e3fb5dae0f9f9e5a92decdcbf01b8af650403886"
"results/Dataset_C/STEP4_FINAL/BestAccuracy_03/Confusion_AVG_counts.png","85406","8262b4b1036ada1a42a5f0125f0964c8a4c95f23310dddb146e08f4b60850987"
"results/Dataset_C/STEP4_FINAL/BestAccuracy_03/Confusion_AVG_rowpct.png","91185","e2da9bd616e8c4da38936cfa1a572c2077499094f6a8a43c1fa58d9f1ba94502"
"results/Dataset_C/STEP4_FINAL/BestAccuracy_03/Confusion_BEST_counts.png","84150","f0a144699351aab7050cf9b0ea573cad0c92f1626373087976475d44639ff067"
"results/Dataset_C/STEP4_FINAL/BestAccuracy_03/Confusion_BEST_rowpct.png","90705","5d906e9cbe94a6816b6aa597c2555b9d746f8b2a75ecf786dfb2d23646815fb4"
"results/Dataset_C/STEP4_FINAL/BestAccuracy_03/Memory_MiBPerSpec.png","50321","5f4f7ca28f49bf13ca4274d1c143c6f70398d2fe0086ce74f903d0375d3708ad"
"results/Dataset_C/STEP4_FINAL/BestAccuracy_03/ROC_AVG.png","88865","d7b345dc0cde2b14849d8275b0e130b351b90ba08fdd68297f0ede4377c488c5"
"results/Dataset_C/STEP4_FINAL/BestAccuracy_03/ROC_BEST.png","89569","1ccad3a9bb84b5d13f06337f71b851e828f6fe08b39352bbfc92790ddec34200"
"results/Dataset_C/STEP4_FINAL/BestAccuracy_03/Time_msPerSpec.png","68991","6211a44c660037f30de371d394e6185ff0e14eac2700b0931833f2a603b450c4"
"results/Dataset_C/STEP4_FINAL/BestMemory_01/Accuracy_over_repeats.png","88377","c452be98a3e3d093e77d10919166de1c286acb9a90c24728cf2d5bac044f0f3a"
"results/Dataset_C/STEP4_FINAL/BestMemory_01/BestMemory_01_Report.xlsx","24065","04a230ca73e713cfccb15eb43715fda00340981306d8dd45c999e9f9986d58dc"
"results/Dataset_C/STEP4_FINAL/BestMemory_01/Confusion_AVG_counts.png","84569","21de93c30b28c3aeb50aa567bf2645a7addb090b0f9047790c859429dfbf9f33"
"results/Dataset_C/STEP4_FINAL/BestMemory_01/Confusion_AVG_rowpct.png","89687","e6d7bb4af4c5c7d308f8eadb5af22ac15d8c1632d39e1bb0644f59db5614a9e8"
"results/Dataset_C/STEP4_FINAL/BestMemory_01/Confusion_BEST_counts.png","83572","4ba02ac72b377459a9c83e7f23ab644bc87a7651982549731ff0a6dc0eb9c122"
"results/Dataset_C/STEP4_FINAL/BestMemory_01/Confusion_BEST_rowpct.png","89733","0ead97c9d6a9b36f0a9856d62f5e3d4860df72f0dd1417ab05b06b16cda3a48b"
"results/Dataset_C/STEP4_FINAL/BestMemory_01/Memory_MiBPerSpec.png","48246","e43762764f32c60fe5ae745b2ca63b3c13ffa6986f9d584ea48e47740a7990e2"
"results/Dataset_C/STEP4_FINAL/BestMemory_01/ROC_AVG.png","88215","747f50629e59afee27c3a4e3d72c3fb25ef378255f748428bfa14e1376eadbf9"
"results/Dataset_C/STEP4_FINAL/BestMemory_01/ROC_BEST.png","87496","60045af3166f9db16090c2d295cfd46a4cec73146d14bcdf9fb2a2cf1f3673e2"
"results/Dataset_C/STEP4_FINAL/BestMemory_01/Time_msPerSpec.png","89270","94a615537a680863f109ac96df841d5bdbe9e3266dac203b776406178e846b3d"
"results/Dataset_C/STEP4_FINAL/BestMemory_02/Accuracy_over_repeats.png","88814","ab39c65b273f5f8f233f8f715fd51f25c6ec2875189296b9cdb0c7dbad882b8b"
"results/Dataset_C/STEP4_FINAL/BestMemory_02/BestMemory_02_Report.xlsx","24074","721bdb339a70ed77bce8c087a3471d3c47314393569741301dacf7888d6609a5"
"results/Dataset_C/STEP4_FINAL/BestMemory_02/Confusion_AVG_counts.png","84866","048838b166d4e0abbf0c02f46c7e54e279c914be7416c85d02106110971f5ff5"
"results/Dataset_C/STEP4_FINAL/BestMemory_02/Confusion_AVG_rowpct.png","90036","8665ab4a815b58fc580e734c887c56a55c5f08ec98072589d8e718386a5566d1"
"results/Dataset_C/STEP4_FINAL/BestMemory_02/Confusion_BEST_counts.png","83942","f4a07af3eb26238c4f53efde855fe596bf3d13652d64eeb3bcd1dc2bd5e528ab"
"results/Dataset_C/STEP4_FINAL/BestMemory_02/Confusion_BEST_rowpct.png","90076","b54d3d583c5a841b842ace4fe15c611d0afa1bf5c48ae1c17fa23ead5365481a"
"results/Dataset_C/STEP4_FINAL/BestMemory_02/Memory_MiBPerSpec.png","48619","c541ef604630ce9d48ec6af5890ff1f33ed23c93129283836806d1766f4ca8d9"
"results/Dataset_C/STEP4_FINAL/BestMemory_02/ROC_AVG.png","88456","1943e83c159f47300fc1a2b99866a0f76fd4f511b8eaadcc249b9078bf1250e9"
"results/Dataset_C/STEP4_FINAL/BestMemory_02/ROC_BEST.png","87729","5dccbe7ac96ae55a2653ef124efe4d5ec2dba32a428ea6fe5816eef4dee4e181"
"results/Dataset_C/STEP4_FINAL/BestMemory_02/Time_msPerSpec.png","86596","41b5f422ad1bfaaf885f19de6c9a5ed6f47b62809bd1d1234cc815ef48b940cc"
"results/Dataset_C/STEP4_FINAL/BestMemory_03/Accuracy_over_repeats.png","88983","1b826aa25e3a17f310d3ef8b51cd08add9626f95b3e9470a6f54f131589e8b30"
"results/Dataset_C/STEP4_FINAL/BestMemory_03/BestMemory_03_Report.xlsx","24068","3d748546aa1008141e0c3fe2fae973305c306c47ccecfe2228fe897369d82698"
"results/Dataset_C/STEP4_FINAL/BestMemory_03/Confusion_AVG_counts.png","85001","11c94d8c63f63f7a3d464a234eab4a3df7bb81e709be75cba6fafbaa53f2a396"
"results/Dataset_C/STEP4_FINAL/BestMemory_03/Confusion_AVG_rowpct.png","90204","5a116551780272459d73c841510c105c4fec67144d8838f6ec2aa530d94ef666"
"results/Dataset_C/STEP4_FINAL/BestMemory_03/Confusion_BEST_counts.png","84164","151e6664ce5968e51d6b4298f393006cfa41d970faa11d208ae665f3ecbcb13a"
"results/Dataset_C/STEP4_FINAL/BestMemory_03/Confusion_BEST_rowpct.png","90232","b2c76df30049057a140df27813484add0deb62f8e82d0d7701952c66148498e1"
"results/Dataset_C/STEP4_FINAL/BestMemory_03/Memory_MiBPerSpec.png","48739","c727d86c967419ad2ad05711d2b2ec20ae4e0ed4a79fb97b2ee0f4072ca3d038"
"results/Dataset_C/STEP4_FINAL/BestMemory_03/ROC_AVG.png","88544","efa45cb15bb14702bf47e51a1607a73756afe47d3407d523764331133453bbae"
"results/Dataset_C/STEP4_FINAL/BestMemory_03/ROC_BEST.png","87776","8d98711df753bb48e215c02b6cad22586f9d3397335cbfa44ba6f3e80f3f6f44"
"results/Dataset_C/STEP4_FINAL/BestMemory_03/Time_msPerSpec.png","71939","2b861a658442f3eae6a1f94b3e8c2146af32de2f8539f0edbb520bd08b3e4f34"
"results/Dataset_C/STEP4_FINAL/BestScore_01/Accuracy_over_repeats.png","57803","8607c24b507c50b101a168b738a552ed2cfa71eebf1e0acb2c5eba96f10a02bb"
"results/Dataset_C/STEP4_FINAL/BestScore_01/BestScore_01_Report.xlsx","24290","c28f39db009646dc140f5f70974fbadd63eeeddf2632888eac5b3d36acbe33c4"
"results/Dataset_C/STEP4_FINAL/BestScore_01/Confusion_AVG_counts.png","83978","769238d36918952eeded0094414cacefad3bafb69a75056ee4a7704332ce117b"
"results/Dataset_C/STEP4_FINAL/BestScore_01/Confusion_AVG_rowpct.png","89546","552ad5f30f7f935ace41f1638187c7e22d71d7202f633291fd15ed84a19d3a3c"
"results/Dataset_C/STEP4_FINAL/BestScore_01/Confusion_BEST_counts.png","83598","5dbbeafe4b09a4e3ad9f1797b6653d5e4febd3642bfb01171d859eb3261df8ba"
"results/Dataset_C/STEP4_FINAL/BestScore_01/Confusion_BEST_rowpct.png","89894","58a8a23d1ee7d2dee4fcc1de5ecb0860efac0faef54717d9e974245d0d6a98c3"
"results/Dataset_C/STEP4_FINAL/BestScore_01/Memory_MiBPerSpec.png","48135","6735c775d5b0aede28633c9a661d8ad4ac738140f0a3560227f67d6cdc8660ec"
"results/Dataset_C/STEP4_FINAL/BestScore_01/ROC_AVG.png","88236","a62abff911a4c3cd75df632b12ece4cf2a3ea4216517db1a577f50635a23c0ee"
"results/Dataset_C/STEP4_FINAL/BestScore_01/ROC_BEST.png","87754","c7ba519432a16a8e45eb0d1047280eb01f4b73091149f0c51323825172726e17"
"results/Dataset_C/STEP4_FINAL/BestScore_01/Time_msPerSpec.png","67417","9c5dfacbd20541a7ad1dd431ad0c91a0b9139ecaae58e05d74375a3b4086b55b"
"results/Dataset_C/STEP4_FINAL/BestScore_02/Accuracy_over_repeats.png","58212","b7c553c00cd4e75967c2b8ae1a2c8f25771f633cbce3fbaccfbfda9c3f8897b2"
"results/Dataset_C/STEP4_FINAL/BestScore_02/BestScore_02_Report.xlsx","24316","8c1ecbcd1b7baf7922e3c9f3f4bda40640b58cb91f672416f1eb9d678e0875c7"
"results/Dataset_C/STEP4_FINAL/BestScore_02/Confusion_AVG_counts.png","84304","26f315501aa6e1904b90160db78161975e2cadea03e023612605f42e053e48f7"
"results/Dataset_C/STEP4_FINAL/BestScore_02/Confusion_AVG_rowpct.png","89909","2b5041acc8efe6ad964a4a515194216e577b75599c471607c7f2015242045bb4"
"results/Dataset_C/STEP4_FINAL/BestScore_02/Confusion_BEST_counts.png","84007","600ed42618bb3441812c4f01d8580277f8abf645b20ce35ca6b9d2d3408ec12e"
"results/Dataset_C/STEP4_FINAL/BestScore_02/Confusion_BEST_rowpct.png","90264","26088bf53547877b044345ae21a2fb03afd224ff8b3fcc5e75a7df62d8ed8fe9"
"results/Dataset_C/STEP4_FINAL/BestScore_02/Memory_MiBPerSpec.png","48329","3b4d443f260eda0f4cac981dcc5af01b3603f3f47ebf83951d665d184aa4cf97"
"results/Dataset_C/STEP4_FINAL/BestScore_02/ROC_AVG.png","88330","08b22a10ca053067dcfa696aa8f6202c76a94a320f4af0ac4935bd50e9450ca4"
"results/Dataset_C/STEP4_FINAL/BestScore_02/ROC_BEST.png","88100","331f7be293916e906b1ae1e9949687e8908648516d5f6c463cca96416dc9efba"
"results/Dataset_C/STEP4_FINAL/BestScore_02/Time_msPerSpec.png","66942","31e9ec91c5f3d5bef02bde73e2ccac864f1c58f136afcc0709bcef2e3779a8d0"
"results/Dataset_C/STEP4_FINAL/BestScore_03/Accuracy_over_repeats.png","83959","ff77711061585fafbdfaa392735e943c0eda6e11201dd4f641867ba4a016b51d"
"results/Dataset_C/STEP4_FINAL/BestScore_03/BestScore_03_Report.xlsx","24356","5bce8f2a2ab97d8f4adc6dce1e84a567a4dab042603d3f4c2e6d538ba4e84e13"
"results/Dataset_C/STEP4_FINAL/BestScore_03/Confusion_AVG_counts.png","84388","2f7d9198eb13dfc92ab609cacea731774207b3eaafde5d01e619fdc92a8dc08c"
"results/Dataset_C/STEP4_FINAL/BestScore_03/Confusion_AVG_rowpct.png","89980","d9acbfe3982ec3f847b3af55e5acd59611342b9d2f88fc3e5de1644037668932"
"results/Dataset_C/STEP4_FINAL/BestScore_03/Confusion_BEST_counts.png","84069","d6f5eeaa05ed7a4fffe5f10625f2afa410e5008b29cde35178853d0d24f5d578"
"results/Dataset_C/STEP4_FINAL/BestScore_03/Confusion_BEST_rowpct.png","90437","52a24c8367b82e6a09b1451a577488f4dd62587fc75a57e0a1468c7a2a56d308"
"results/Dataset_C/STEP4_FINAL/BestScore_03/Memory_MiBPerSpec.png","48342","3770f6c9079212cb9488ef1d9abfd8032fcaa53d53499f252f61e58957bc8852"
"results/Dataset_C/STEP4_FINAL/BestScore_03/ROC_AVG.png","88479","34eff8fdea74358c201e96d55c1fb3b1b10a26865a145ae88f3835c568f32f9e"
"results/Dataset_C/STEP4_FINAL/BestScore_03/ROC_BEST.png","88589","25ea2e8700bcef526891592fcb703228981b8392076554ca066f05115d36501e"
"results/Dataset_C/STEP4_FINAL/BestScore_03/Time_msPerSpec.png","65310","897a8e3b3888cec009eafe064f959999e3ba7b9e2466943d960b7ad32aa1e46c"
"results/Dataset_C/STEP4_FINAL/BestSpeed_01/Accuracy_over_repeats.png","57012","f17f5b666a21f3216f2f43010bab0d55628f88aed90fdf80b65b91dd2819ec55"
"results/Dataset_C/STEP4_FINAL/BestSpeed_01/BestSpeed_01_Report.xlsx","24369","9f9c4bf6ac48c00ba0f968643a290484c0dce09fa99e04ad687667f1a1e3cde6"
"results/Dataset_C/STEP4_FINAL/BestSpeed_01/Confusion_AVG_counts.png","84427","a9a5ab63db2e986be648cc72aff3f361b4fa26ce999f014611121320ad95f31a"
"results/Dataset_C/STEP4_FINAL/BestSpeed_01/Confusion_AVG_rowpct.png","89448","c4b3b70a13e5f1daa4086fff69930ab5f5003b18f756a579a6a7f7bbb3a52e51"
"results/Dataset_C/STEP4_FINAL/BestSpeed_01/Confusion_BEST_counts.png","83978","6656cfaedaac6b8b62058de71f1cd2652e7028cd2797364e6c48d0716f406b57"
"results/Dataset_C/STEP4_FINAL/BestSpeed_01/Confusion_BEST_rowpct.png","90012","44e8b5ad3e5025167477914eb05ffb88bf1a01022a508adcde0a28340f63fd89"
"results/Dataset_C/STEP4_FINAL/BestSpeed_01/Memory_MiBPerSpec.png","48352","28d7bf54337d9f79f9de72f8a3f8c9940cf8e86b871a65c93024b4b4ab8672d5"
"results/Dataset_C/STEP4_FINAL/BestSpeed_01/ROC_AVG.png","89343","2276153fd9dc1937f5a6ba40980f298acb15bfc87b1e1c8581d8c85bc3672529"
"results/Dataset_C/STEP4_FINAL/BestSpeed_01/ROC_BEST.png","88406","087cda882807653825aed6684c8275393b66fc44016ed662b2c7546a251f7ff3"
"results/Dataset_C/STEP4_FINAL/BestSpeed_01/Time_msPerSpec.png","67567","51fe15baaf0aef10dd83d6f77cfe09c0d91ab4179ba0b883827e15509edc7e80"
"results/Dataset_C/STEP4_FINAL/BestSpeed_02/Accuracy_over_repeats.png","57402","a69db0b50872f8609b3960e46ffdedb382c5db9d78c4a44cb2f106fb9a46d678"
"results/Dataset_C/STEP4_FINAL/BestSpeed_02/BestSpeed_02_Report.xlsx","24290","941a408c8985d051a4411b85481e3ca6722557a55d5ceead07cace0f609abc84"
"results/Dataset_C/STEP4_FINAL/BestSpeed_02/Confusion_AVG_counts.png","84758","5e3d0901d9b82403a5dc3c430cd2bb7fa03d1f42b3baa6a475a7de4faf5bb7cc"
"results/Dataset_C/STEP4_FINAL/BestSpeed_02/Confusion_AVG_rowpct.png","89856","4c707e1748e44db172a1d59e4fda1fd93d11a67d8c2eb32dea965f93469b3487"
"results/Dataset_C/STEP4_FINAL/BestSpeed_02/Confusion_BEST_counts.png","84358","655c03ad13a0599da91abc6d228b6a04707111bf74c68a305f0d7003918f92e3"
"results/Dataset_C/STEP4_FINAL/BestSpeed_02/Confusion_BEST_rowpct.png","90342","4454869d2af13f17f6bad4cb53e8ec0eb27f0958fc13c930b1290cd8ce62d474"
"results/Dataset_C/STEP4_FINAL/BestSpeed_02/Memory_MiBPerSpec.png","49019","e2d8cb0f5d9f362a1fa3e52893d88d5870a91aad3bdeafa4060908db698f2431"
"results/Dataset_C/STEP4_FINAL/BestSpeed_02/ROC_AVG.png","89906","d6235ad07ec371cbb6f0433079c22bc7307489eba69c230eb815275e82cd7603"
"results/Dataset_C/STEP4_FINAL/BestSpeed_02/ROC_BEST.png","88575","8ea44020f5bec0133b256a1e137ed3e51c4327fca4acc5af2d86376e8419032f"
"results/Dataset_C/STEP4_FINAL/BestSpeed_02/Time_msPerSpec.png","64770","5889daa9a5b5b1ba0d60c87b7a220297b3faebe7cd89d1de4ca0cde293faa5c9"
"results/Dataset_C/STEP4_FINAL/BestSpeed_03/Accuracy_over_repeats.png","57493","8f784e29209bf87ae8f60ce274eca6035cb770040f5b39423893d3fb334d2d15"
"results/Dataset_C/STEP4_FINAL/BestSpeed_03/BestSpeed_03_Report.xlsx","24275","ba4841da34f26927c6d3b9185f126bf5216f273f803c78dbdd0dbf5529335009"
"results/Dataset_C/STEP4_FINAL/BestSpeed_03/Confusion_AVG_counts.png","84880","da4f329e70cb1991d6791b3a019e984224ac5cb56114d5cef31b1daa747eba14"
"results/Dataset_C/STEP4_FINAL/BestSpeed_03/Confusion_AVG_rowpct.png","89940","c356fcfeef7867c76c5482298534d8c6db265e9c97cd4d809a3c37c4184758d5"
"results/Dataset_C/STEP4_FINAL/BestSpeed_03/Confusion_BEST_counts.png","84488","152170637a886c29848be5872802238625b543a42d6c556fb5ed4a1680e567e6"
"results/Dataset_C/STEP4_FINAL/BestSpeed_03/Confusion_BEST_rowpct.png","90530","a4409197d398381d18e7bf7c5facb42ac438893d21a81c82d256903a39185daf"
"results/Dataset_C/STEP4_FINAL/BestSpeed_03/Memory_MiBPerSpec.png","49080","04aa635a9dd4161a1671a092d4b6f0a3f99476dcf3f5f05259f68bd1afbf0a46"
"results/Dataset_C/STEP4_FINAL/BestSpeed_03/ROC_AVG.png","89890","0981289866cc3649dc7a9885f0f93f0a75a43f5e3bb920800405af3cc3f78be9"
"results/Dataset_C/STEP4_FINAL/BestSpeed_03/ROC_BEST.png","88636","09e224ef232ff39323adc46bb697f9f5ce7b838024651824817fe9a7eb01f568"
"results/Dataset_C/STEP4_FINAL/BestSpeed_03/Time_msPerSpec.png","75125","ec5095f6244121df6fe53071ba1a20846bf55dd9c3870c91d59c8efe6761d2d6"
"results/Dataset_C/STEP4_FINAL/FINAL_RESULTS.xlsx","18685","84d24806276d28ff78d5b4d44eb5295f2ed788033e1119b7d8620ec30e35327f"
"results/Dataset_C/STEP4_FINAL/STEP4_FINALISTS.txt","2548","0e5517263651c70497439082f63ede99ee08c7b9526b42742cb5a63d43d2dfd8"
"results/Dataset_C/STEP4_FINAL/STEP4_SELECTION_SUMMARY.xlsx","13947","04c0a6df02f58aab53b216cb4f6edf126667efa1df3844fc63ea51e1a4f774ba"
"results/Dataset_C/STEP4_FINAL/STEP4_WINNER.txt","1919","3a27d3ff2b8d53ea7c8c9306cfcf878308ce1a1d894f7f29195730eee688bf7f"
"results/Dataset_C/TIMING_REPORT.txt","294","1f183c9a77c251588152ef7f4204830aedd71188cbc41eeb101b66433da870a5"
"results/Dataset_C/TIMING_REPORT.xlsx","3079","75566bcaecc312b7ce29b44acae8d19bfeac240af3734adb825401b435c2dc0f"
"results/README.md","667","ea10806677753f46e45bc9a6e8ccc018c953b2a4012f2bb8a51c87ff5dae8885"
